ID_Alerta_posible_fraude,Cód. de gravedad del siniestro,Cód._Hecho,Código_Oficina,Tipo de Alerta,Antecedentes de siniestros en otras compañías?,Vehículo con rastreo satelital?,FRAUDE DETECTADO,Tipo de persona,Nacionalidad,Sexo,EDAD APROXIMADA POR NRO DNI,Código de actividad del asegurado,Antigüedad en días al momento del stro,Codigo de Productor
33732,R,5,351,PARAMETROS,NO,NO,1,PF,ARGENTINA,Masculino,59,226,3607,5116836
26161,R,5,388,PARAMETROS,NO,SI,0,PF,ARGENTINA,Masculino,62,238,3210,8800017
26288,B,3,338,CASI,SI,SI,1,PF,ARGENTINA,Masculino,59,228,3216,9613
37233,M,3,338,ANALISIS,NO,NO,0,PF,ARGENTINA,Masculino,60,221,3587,83079
58860,A,3,316,CESVI,SI,NO,1,PF,ARGENTINA,Masculino,67,213,4511,87885
62046,B,4,216,PARAMETROS,NO,NO,1,PF,ARGENTINA,Masculino,44,130,4758,7530
28177,C,8,338,ANALISIS,NO,SI,0,PF,ARGENTINA,Masculino,65,24,3325,85296
41607,R,5,216,PARAMETROS,NO,SI,0,PF,ARGENTINA,Masculino,84,226,3903,7994
63215,A,4,218,ANALISIS,NO,NO,1,PF,ARGENTINA,Masculino,73,234,4812,9748
58499,A,4,230,PARAMETROS,NO,SI,0,PF,ARGENTINA,Masculino,60,228,4483,88027
29847,B,8,216,ANALISIS,NO,SI,0,PF,ARGENTINA,Masculino,55,130,3390,7910
61937,T,7,397,PARAMETROS,NO,NO,0,PF,ARGENTINA,Masculino,63,30,4739,9700023
29849,A,8,101,ANALISIS,NO,NO,1,PF,ARGENTINA,Masculino,42,130,3362,1339
58193,R,5,238,PARAMETROS,NO,NO,0,PF,ARGENTINA,Masculino,55,228,4432,86968
33261,B,3,338,ANALISIS,NO,NO,1,PF,ARGENTINA,Masculino,70,2,3556,8403
50667,L,2,230,ANALISIS,NO,NO,0,PF,ARGENTINA,Masculino,67,242,4015,85468
44282,G,3,243,ANALISIS,NO,NO,0,PF,ARGENTINA,Masculino,47,221,3943,85246
43767,R,5,232,ANALISIS,NO,NO,1,PF,ARGENTINA,Masculino,67,249,3970,6258
53248,A,4,225,PARAMETROS,NO,NO,0,PF,ARGENTINA,Femenino,71,130,4416,9551
33722,R,5,230,PARAMETROS,NO,SI,0,PF,ARGENTINA,Masculino,52,130,3601,83081
60734,I,6,225,ANALISIS,NO,NO,0,PF,ARGENTINA,Masculino,42,225,4646,84437
30304,R,5,101,CHECKLIST,NO,SI,0,PF,ARGENTINA,Masculino,47,106,3444,85157
48143,G,2,218,ANALISIS,NO,NO,1,PF,ARGENTINA,Masculino,57,41,3741,83537
62967,A,4,218,ANALISIS,NO,NO,0,PF,ARGENTINA,Femenino,48,225,4800,10398
26859,R,5,230,PARAMETROS,NO,SI,0,PF,ARGENTINA,Masculino,62,130,3260,11291
26917,M,2,209,CESVI,SI,NO,0,PF,ARGENTINA,Femenino,86,19,3209,12153
48712,A,4,243,PARAMETROS,NO,NO,0,PF,ARGENTINA,Femenino,53,221,4183,6653
51096,A,4,232,PARAMETROS,NO,NO,1,PF,ARGENTINA,Masculino,56,240,4293,9883
25743,A,8,338,ANALISIS,SI,NO,1,PF,ARGENTINA,Femenino,65,221,3160,3880429
47676,G,2,230,ANALISIS,NO,SI,0,PF,EXTRANJERO,Masculino,76,223,4082,9865
27120,I,3,216,ANALISIS,NO,SI,0,PF,ARGENTINA,Masculino,68,228,3263,12032
28849,A,5,230,ANALISIS,NO,NO,0,PF,ARGENTINA,Masculino,59,218,3084,84509
29540,L,2,388,ANALISIS,NO,NO,0,PF,ARGENTINA,Masculino,57,234,3327,8819727
29541,L,2,388,ANALISIS,NO,NO,0,PF,ARGENTINA,Masculino,57,234,3327,8819727
49331,A,3,201,ANALISIS,NO,NO,1,PF,ARGENTINA,Masculino,35,23,4201,8011
30296,R,5,218,PARAMETROS,NO,NO,0,PF,EXTRANJERO,Masculino,74,130,3436,83362
34506,A,8,105,ANALISIS,NO,NO,1,PF,ARGENTINA,Masculino,38,226,3603,2220
41388,G,2,201,ANALISIS,NO,NO,0,PF,ARGENTINA,Masculino,45,130,3675,86720
59954,I,3,243,ANALISIS,NO,NO,0,PF,ARGENTINA,Femenino,70,228,4501,9130
28616,R,5,216,ANALISIS,NO,NO,0,PF,ARGENTINA,Masculino,38,130,3331,6243
40611,R,5,232,PARAMETROS,NO,SI,0,PF,ARGENTINA,Masculino,41,130,3741,7542
58613,B,4,230,PARAMETROS,NO,NO,0,PF,ARGENTINA,Masculino,46,221,4321,9839
44261,R,5,230,PARAMETROS,NO,SI,0,PF,ARGENTINA,Masculino,38,221,3826,84126
61502,A,4,216,ANALISIS,NO,NO,1,PF,ARGENTINA,Femenino,63,130,4530,85677
61765,C,4,244,PARAMETROS,NO,SI,0,PF,ARGENTINA,Masculino,50,228,4502,6350
52937,A,3,388,ANALISIS,NO,NO,0,PF,ARGENTINA,Masculino,67,100,4148,8819727
52936,B,3,388,ANALISIS,NO,NO,0,PF,ARGENTINA,Masculino,67,100,4127,8819727
52938,L,2,388,ANALISIS,NO,NO,0,PF,ARGENTINA,Masculino,67,100,4128,8819727
28478,L,2,232,ANALISIS,NO,SI,1,PF,ARGENTINA,Masculino,53,130,3050,84064
39095,L,3,209,CESVI,SI,NO,1,PF,ARGENTINA,Masculino,86,223,3546,11925
37526,C,3,205,ANALISIS,NO,SI,0,PF,ARGENTINA,Masculino,63,0,3425,11690
29472,R,5,101,ANALISIS,NO,NO,0,PF,ARGENTINA,Masculino,42,221,2970,11532
50130,A,4,218,PARAMETROS,NO,NO,0,PF,ARGENTINA,Masculino,48,100,3727,7612
51766,B,3,351,ANALISIS,NO,NO,0,PF,ARGENTINA,Masculino,44,58,3696,5122941
58963,R,5,216,ANALISIS,NO,SI,1,PF,ARGENTINA,Masculino,60,25,3847,83188
29343,A,3,338,ANALISIS,SI,NO,1,PF,ARGENTINA,Masculino,57,150,2706,85296
58921,A,3,216,ANALISIS,NO,NO,0,PF,EXTRANJERO,Masculino,79,228,3371,7205
59518,L,2,205,ANALISIS,NO,NO,0,PF,ARGENTINA,Femenino,45,221,3677,87165
28559,A,3,232,ANALISIS,NO,NO,1,PF,ARGENTINA,Masculino,44,228,2509,7604
59220,A,4,205,ANALISIS,NO,NO,0,PF,ARGENTINA,Masculino,44,46,3716,87158
39791,G,2,216,ANALISIS,NO,SI,0,PF,ARGENTINA,Masculino,47,221,2584,83848
63968,A,4,201,ANALISIS,NO,NO,0,PF,ARGENTINA,Masculino,56,226,4021,90026
26766,R,5,216,ANALISIS,NO,NO,0,PF,ARGENTINA,Masculino,42,221,2363,7451
63558,A,4,229,ANALISIS,NO,NO,0,PF,ARGENTINA,Femenino,53,228,3956,82662
31840,L,2,209,CESVI,SI,NO,0,PF,ARGENTINA,Masculino,70,117,2457,83590
35268,A,3,397,CASI,NO,NO,1,PF,ARGENTINA,Masculino,55,75,2688,82748
40618,R,5,238,PARAMETROS,NO,SI,0,PF,ARGENTINA,Masculino,48,105,2898,83469
41147,G,3,231,PARAMETROS,NO,NO,0,PF,ARGENTINA,Masculino,59,51,2737,86742
38601,L,2,201,ANALISIS,NO,NO,0,PF,ARGENTINA,Masculino,63,249,2256,10186
58721,R,5,230,ANALISIS,NO,NO,0,PF,ARGENTINA,Femenino,34,225,3402,9839
36591,G,2,239,ANALISIS,NO,NO,0,PF,ARGENTINA,Masculino,39,221,2548,8988
52551,B,8,378,ANALISIS,NO,NO,0,PF,ARGENTINA,Masculino,55,130,3245,89972
32853,R,5,229,PARAMETROS,NO,NO,0,PF,ARGENTINA,Masculino,42,130,2380,11915
44984,G,2,231,ANALISIS,NO,SI,0,PF,ARGENTINA,Masculino,52,130,2080,84605
31162,R,5,231,PARAMETROS,NO,SI,0,PF,ARGENTINA,Masculino,52,130,2273,84605
53220,C,3,374,ANALISIS,NO,NO,0,PF,EXTRANJERO,Masculino,74,228,3186,84475
52548,A,8,378,ANALISIS,NO,NO,0,PF,ARGENTINA,Masculino,44,221,3081,7825352
48479,B,4,209,PARAMETROS,NO,NO,1,PF,ARGENTINA,Masculino,65,98,2858,83649
58624,A,4,205,PARAMETROS,NO,NO,1,PF,ARGENTINA,Masculino,65,82,3151,87158
60989,R,5,232,PARAMETROS,NO,SI,0,PF,ARGENTINA,Masculino,45,130,3339,86591
59400,A,4,316,ANALISIS,NO,NO,0,PF,ARGENTINA,Masculino,56,130,3218,1600057
52151,A,3,216,ANALISIS,NO,SI,0,PF,ARGENTINA,Femenino,39,221,2804,7752
46662,L,2,231,ANALISIS,NO,NO,0,PF,ARGENTINA,Masculino,47,130,2464,11880
42346,R,5,239,CASI,NO,NO,0,PF,ARGENTINA,Masculino,59,100,2522,9673
62872,R,5,351,CESVI,SI,NO,0,PF,ARGENTINA,Femenino,63,130,3375,86343
39316,L,2,230,ANALISIS,NO,NO,1,PF,ARGENTINA,Masculino,56,239,2032,83894
64133,A,4,230,PARAMETROS,NO,NO,0,PF,ARGENTINA,Masculino,35,221,3442,9865
30872,R,5,216,PARAMETROS,NO,NO,0,PF,ARGENTINA,Femenino,83,223,1979,85741
49225,I,6,225,PARAMETROS,NO,NO,0,PF,ARGENTINA,Masculino,67,224,2702,85785
61056,A,4,216,ANALISIS,NO,SI,0,PF,ARGENTINA,Masculino,74,228,3163,83848
35059,R,5,206,CESVI,SI,NO,0,PF,ARGENTINA,Masculino,37,250,2061,87158
58199,T,3,216,ANALISIS,NO,SI,1,PF,ARGENTINA,Masculino,32,249,2820,11169
49392,T,7,216,ANALISIS,NO,NO,0,PF,ARGENTINA,Masculino,52,51,2540,86702
35763,G,2,205,ANALISIS,NO,NO,0,PF,ARGENTINA,Masculino,52,130,1822,9348
32920,A,3,230,ANALISIS,NO,NO,1,PF,EXTRANJERO,Masculino,58,226,1833,83963
48990,A,3,216,ANALISIS,NO,SI,1,PF,ARGENTINA,Femenino,63,226,2376,83840
47604,R,5,231,PARAMETROS,NO,NO,0,PF,ARGENTINA,Masculino,45,130,2328,86524
62219,A,4,205,PARAMETROS,NO,SI,0,PF,ARGENTINA,Masculino,38,221,3053,87158
52299,A,4,225,PARAMETROS,NO,NO,0,PF,ARGENTINA,Masculino,38,130,2637,83640
37325,G,2,218,PARAMETROS,NO,NO,0,PF,ARGENTINA,Masculino,41,130,1896,10771
47796,G,2,225,ANALISIS,NO,NO,0,PF,ARGENTINA,Masculino,84,221,2157,83516
33256,R,5,231,PARAMETROS,NO,SI,0,PF,ARGENTINA,Masculino,48,238,1812,84605
43126,T,3,201,CESVI,SI,SI,0,PF,ARGENTINA,Masculino,60,226,2163,12037
40381,G,2,209,ANALISIS,NO,NO,0,PF,ARGENTINA,Masculino,47,221,1620,12153
26469,A,3,338,ANALISIS,SI,NO,1,PF,ARGENTINA,Masculino,52,24,1366,83794
29753,L,2,388,CESVI,SI,NO,0,PF,ARGENTINA,Femenino,48,221,1632,82761
34713,R,5,216,PARAMETROS,NO,SI,0,PF,ARGENTINA,Masculino,63,106,1836,7402
41150,L,2,205,ANALISIS,NO,NO,1,PF,ARGENTINA,Masculino,45,221,2036,8407
44086,R,5,232,ANALISIS,NO,SI,0,PF,ARGENTINA,Masculino,47,221,2198,87582
63963,R,5,231,ANALISIS,NO,NO,0,PF,ARGENTINA,Femenino,47,130,3041,87451
59947,A,8,225,ANALISIS,NO,NO,0,PF,ARGENTINA,Masculino,28,221,2718,83575
28159,R,5,234,CHECKLIST,NO,NO,0,PF,ARGENTINA,Masculino,74,130,1476,84598
38215,A,4,216,ANALISIS,NO,SI,0,PF,ARGENTINA,Masculino,41,221,1909,85741
33836,A,4,216,ANALISIS,NO,SI,1,PF,ARGENTINA,Masculino,41,221,1646,85741
64268,A,4,230,PARAMETROS,NO,NO,0,PF,ARGENTINA,Masculino,42,130,3014,85313
34823,I,3,209,ANALISIS,NO,NO,0,PF,ARGENTINA,Masculino,60,130,1416,82821
34332,G,3,388,ANALISIS,NO,NO,0,PF,ARGENTINA,Masculino,55,221,1512,82804
49256,B,4,230,ANALISIS,NO,NO,0,PF,ARGENTINA,Masculino,45,223,2291,83081
28506,A,3,338,CHECKLIST,NO,NO,1,PF,ARGENTINA,Masculino,32,130,1422,83297
30529,L,2,205,ANALISIS,NO,SI,1,PF,ARGENTINA,Masculino,65,234,1425,82852
45637,R,5,220,CESVI,SI,NO,0,PF,ARGENTINA,Femenino,44,130,2106,7464
60014,A,4,240,ANALISIS,NO,NO,0,PF,ARGENTINA,Masculino,70,130,2583,83716
26191,I,7,316,ANALISIS,SI,NO,0,PF,ARGENTINA,Femenino,39,130,1158,82834
60478,A,3,218,ANALISIS,NO,NO,1,PF,ARGENTINA,Masculino,52,221,2505,84282
38418,R,5,230,ANALISIS,NO,SI,0,PF,ARGENTINA,Masculino,48,130,1722,6647
41479,L,2,216,ANALISIS,NO,SI,1,PF,ARGENTINA,Masculino,48,130,1486,7251
36590,R,5,230,PARAMETROS,NO,NO,0,PF,ARGENTINA,Femenino,47,130,1654,83963
43151,R,5,225,ANALISIS,NO,NO,0,PF,ARGENTINA,Masculino,94,247,1897,84305
26843,R,5,225,PARAMETROS,NO,NO,0,PF,ARGENTINA,Masculino,38,130,1181,84305
38602,G,2,218,ANALISIS,NO,SI,0,PF,ARGENTINA,Femenino,52,226,1630,86498
28961,T,8,216,ANALISIS,NO,SI,0,PF,ARGENTINA,Masculino,57,130,1124,12197
35804,R,5,239,ANALISIS,NO,NO,0,PF,ARGENTINA,Masculino,42,130,1600,82780
27423,R,5,229,PARAMETROS,NO,NO,0,PF,ARGENTINA,Masculino,41,40,1207,83960
64148,R,5,231,PARAMETROS,NO,NO,0,PF,ARGENTINA,Masculino,37,130,2791,83535
43645,C,3,230,ANALISIS,NO,NO,0,PF,ARGENTINA,Masculino,50,241,1677,12232
26862,R,5,218,PARAMETROS,NO,SI,0,PF,ARGENTINA,Masculino,47,226,1103,83333
26990,A,3,386,CESVI,SI,NO,1,PF,ARGENTINA,Masculino,84,234,1076,8600022
38649,G,2,209,PARAMETROS,NO,NO,0,PF,ARGENTINA,Masculino,46,221,1224,7906
34390,G,3,239,PARAMETROS,NO,NO,0,PF,ARGENTINA,Masculino,45,130,1265,10156
60845,I,6,397,ANALISIS,NO,NO,0,PF,ARGENTINA,Masculino,60,221,2449,83947
39382,G,2,225,ANALISIS,NO,NO,0,PF,ARGENTINA,Femenino,51,218,1318,83516
41402,L,2,201,ANALISIS,NO,NO,1,PF,ARGENTINA,Masculino,34,130,1544,85070
30909,L,2,231,ANALISIS,NO,NO,0,PF,ARGENTINA,Masculino,52,130,1219,86276
35353,R,5,225,ANALISIS,NO,NO,0,PF,ARGENTINA,Masculino,30,221,1445,84305
58167,A,4,231,PARAMETROS,NO,NO,0,PF,ARGENTINA,Masculino,65,130,2214,84410
44440,L,2,229,ANALISIS,NO,NO,1,PF,ARGENTINA,Femenino,47,221,1673,84271
42128,R,5,240,PARAMETROS,NO,NO,0,PF,ARGENTINA,Masculino,38,221,1689,83716
36445,G,2,225,ANALISIS,NO,NO,0,PF,ARGENTINA,Masculino,35,221,1364,84305
63238,A,4,246,PARAMETROS,NO,NO,0,PF,ARGENTINA,Masculino,47,0,2580,8407
42680,A,3,232,ANALISIS,NO,SI,1,PF,ARGENTINA,Femenino,47,226,1629,83432
30295,R,5,201,PARAMETROS,NO,SI,0,PF,ARGENTINA,Masculino,39,234,1177,10338
39268,R,5,218,PARAMETROS,NO,NO,0,PF,ARGENTINA,Masculino,45,221,1550,84282
35309,R,5,231,PARAMETROS,NO,NO,0,PF,ARGENTINA,Masculino,76,46,1409,87263
60723,C,4,232,ANALISIS,NO,NO,0,PF,ARGENTINA,Masculino,32,130,2384,83984
25596,R,5,216,ANALISIS,NO,SI,0,PF,ARGENTINA,Masculino,28,130,899,12197
64583,A,4,240,ANALISIS,NO,NO,0,PF,ARGENTINA,Femenino,31,130,2643,84582
26437,R,5,231,ANALISIS,SI,NO,0,PF,EXTRANJERO,Femenino,41,46,949,83610
38518,G,2,209,CASI,NO,NO,0,PF,ARGENTINA,Masculino,59,130,1009,82821
41831,L,2,231,ANALISIS,NO,NO,1,PF,ARGENTINA,Masculino,59,23,1512,83512
31405,L,2,101,CHECKLIST,NO,NO,1,PF,ARGENTINA,Masculino,55,130,1181,83748
47657,R,5,231,ANALISIS,NO,NO,0,PF,EXTRANJERO,Masculino,36,221,1826,88699
29340,R,5,106,PARAMETROS,NO,SI,0,PF,ARGENTINA,Masculino,70,238,1089,84836
33257,R,5,216,PARAMETROS,NO,SI,0,PF,ARGENTINA,Femenino,59,226,1265,12197
53097,A,4,232,PARAMETROS,NO,NO,0,PF,ARGENTINA,Masculino,50,130,2095,86128
27219,R,5,230,PARAMETROS,SI,SI,0,PF,ARGENTINA,Masculino,37,106,967,12232
29998,L,2,225,ANALISIS,NO,SI,1,PF,ARGENTINA,Masculino,73,130,999,84305
26541,L,2,209,CONTACTO,NO,NO,0,PF,ARGENTINA,Masculino,86,228,853,83877
27561,M,3,392,ANALISIS,NO,NO,1,PF,ARGENTINA,Masculino,31,228,895,84400
47495,I,8,218,ANALISIS,NO,NO,0,PF,ARGENTINA,Masculino,35,15,1699,84281
59522,A,4,230,ANALISIS,NO,NO,1,PF,ARGENTINA,Masculino,57,65,2227,90050
61281,C,4,201,ANALISIS,NO,NO,0,PF,ARGENTINA,Masculino,53,221,2351,5787
37365,R,5,101,PARAMETROS,NO,NO,0,PF,ARGENTINA,Masculino,65,14,1389,10470
38959,T,4,216,ANALISIS,NO,NO,0,PF,ARGENTINA,Masculino,39,221,1355,10531
27023,G,2,230,CESVI,SI,NO,0,PF,ARGENTINA,Masculino,34,221,841,7930
28134,A,3,231,ANALISIS,NO,NO,1,PF,ARGENTINA,Masculino,35,130,917,84276
53070,A,4,230,ANALISIS,NO,NO,0,PF,ARGENTINA,Masculino,52,228,2016,83963
47368,A,4,220,PARAMETROS,NO,NO,0,PF,ARGENTINA,Masculino,47,130,1747,83511
45971,R,5,230,ANALISIS,NO,NO,1,PF,ARGENTINA,Masculino,76,2,1670,83892
58207,A,3,234,ANALISIS,NO,NO,1,PF,ARGENTINA,Masculino,70,238,2005,84704
29820,L,2,302,ANALISIS,NO,NO,0,PF,ARGENTINA,Masculino,62,33,959,209012
61305,A,8,201,ANALISIS,NO,NO,1,PF,ARGENTINA,Masculino,35,221,2292,6477
29539,G,2,388,ANALISIS,NO,NO,0,PF,ARGENTINA,Masculino,84,240,949,82804
26280,T,4,216,ANALISIS,NO,SI,0,PF,ARGENTINA,Masculino,57,239,765,7685
38517,G,2,225,PARAMETROS,NO,NO,1,PF,ARGENTINA,Masculino,31,221,1126,11798
34486,R,5,230,PARAMETROS,NO,NO,0,PF,ARGENTINA,Masculino,65,2,1216,83251
63712,A,4,230,PARAMETROS,NO,NO,1,PF,ARGENTINA,Masculino,50,130,2445,88579
63800,A,3,240,ANALISIS,NO,NO,0,PF,ARGENTINA,Masculino,84,226,2429,88139
31008,R,5,216,PARAMETROS,NO,SI,0,PF,ARGENTINA,Masculino,63,226,1020,7205
40140,R,5,231,PARAMETROS,NO,NO,0,PF,ARGENTINA,Masculino,71,130,1366,83258
50383,A,4,230,PARAMETROS,NO,NO,1,PF,ARGENTINA,Masculino,41,130,1788,87557
47700,A,3,205,ANALISIS,NO,SI,0,PF,ARGENTINA,Masculino,45,25,1657,87164
62772,A,4,242,ANALISIS,NO,NO,1,PF,ARGENTINA,Femenino,48,130,2316,87288
52944,G,2,231,ANALISIS,NO,SI,0,PF,ARGENTINA,Femenino,35,238,1648,84276
61440,R,5,101,PARAMETROS,NO,NO,0,PF,ARGENTINA,Femenino,65,14,2221,10470
30473,T,1,216,PARAMETROS,NO,NO,0,PF,ARGENTINA,Masculino,78,234,887,10531
45138,A,3,201,ANALISIS,NO,NO,1,PF,ARGENTINA,Masculino,42,226,915,9674
59900,I,3,216,ANALISIS,NO,NO,0,PF,ARGENTINA,Masculino,37,14,2085,87511
34873,R,5,216,PARAMETROS,NO,SI,0,PF,ARGENTINA,Masculino,37,14,1132,83994
26316,L,2,205,CESVI,SI,NO,1,PF,ARGENTINA,Masculino,41,221,706,82838
60909,A,4,216,ANALISIS,NO,NO,1,PF,EXTRANJERO,Masculino,48,221,2011,88269
36056,G,2,205,ANALISIS,NO,NO,0,PF,ARGENTINA,Masculino,65,130,886,8407
59137,A,4,216,ANALISIS,NO,SI,1,PF,ARGENTINA,Masculino,57,130,2021,6549
34269,R,5,201,ANALISIS,NO,NO,0,PF,ARGENTINA,Masculino,53,221,1078,84941
58907,A,4,246,PARAMETROS,NO,NO,0,PF,ARGENTINA,Masculino,59,0,1968,11690
27002,A,4,216,ANALISIS,NO,NO,1,PF,EXTRANJERO,Masculino,53,130,722,6243
38523,L,2,209,CASI,NO,NO,1,PF,ARGENTINA,Masculino,50,130,706,82821
29522,L,3,225,ANALISIS,NO,NO,1,PF,ARGENTINA,Masculino,32,249,655,9670
32548,G,2,229,ANALISIS,NO,NO,0,PF,ARGENTINA,Femenino,45,130,901,83232
45059,L,2,209,ANALISIS,NO,NO,1,PF,ARGENTINA,Femenino,67,110,1388,9138
41767,A,3,220,ANALISIS,NO,NO,1,PF,ARGENTINA,Masculino,30,51,1082,7464
27397,L,2,230,ANALISIS,NO,NO,0,PF,ARGENTINA,Masculino,47,25,660,6621
61984,R,4,216,PARAMETROS,NO,NO,1,PF,ARGENTINA,Masculino,52,130,2181,10531
42488,L,2,218,ANALISIS,NO,SI,0,PF,ARGENTINA,Masculino,62,249,1198,7386
39997,G,2,220,ANALISIS,NO,SI,0,PF,ARGENTINA,Masculino,76,221,1111,11237
49313,R,8,239,ANALISIS,NO,NO,0,PF,ARGENTINA,Masculino,74,107,1595,8101
62831,R,5,216,PARAMETROS,NO,NO,1,PF,ARGENTINA,Femenino,32,222,2199,84155
45516,G,2,229,PARAMETROS,NO,NO,0,PF,ARGENTINA,Masculino,65,130,1344,11021
62817,A,4,231,ANALISIS,NO,NO,0,PF,ARGENTINA,Femenino,45,221,2168,89723
46701,R,4,216,CESVI,SI,SI,0,PF,ARGENTINA,Masculino,41,130,1471,86702
46587,T,5,201,ANALISIS,NO,SI,0,PF,ARGENTINA,Masculino,44,228,1447,85110
41195,A,3,230,ANALISIS,NO,NO,0,PF,ARGENTINA,Masculino,42,130,1197,7405
49042,A,4,205,PARAMETROS,NO,NO,1,PF,ARGENTINA,Masculino,34,91,1556,87158
26381,G,2,205,ANALISIS,SI,NO,0,PF,ARGENTINA,Femenino,42,130,507,84562
30526,A,4,205,ANALISIS,NO,NO,1,PF,ARGENTINA,Masculino,42,100,762,84220
58502,B,4,231,PARAMETROS,NO,NO,0,PF,ARGENTINA,Masculino,30,130,1835,89503
26373,A,3,338,ANALISIS,SI,NO,1,PF,ARGENTINA,Masculino,35,226,536,83600
42087,I,3,230,ANALISIS,NO,NO,0,PF,ARGENTINA,Masculino,56,228,634,84139
32760,M,2,201,CASI,NO,NO,1,PF,EXTRANJERO,Masculino,48,221,528,84539
32762,M,2,201,CASI,NO,NO,1,PF,EXTRANJERO,Masculino,48,221,528,84539
32910,R,5,230,PARAMETROS,NO,SI,0,PF,ARGENTINA,Masculino,26,130,900,9053
34519,L,2,218,CESVI,SI,NO,1,PF,EXTRANJERO,Masculino,38,221,980,83773
58666,A,4,201,PARAMETROS,NO,NO,0,PF,ARGENTINA,Masculino,42,110,1828,83839
52628,G,2,388,ANALISIS,NO,NO,0,PF,ARGENTINA,Femenino,59,221,1610,83554
49317,I,3,230,ANALISIS,NO,SI,0,PF,EXTRANJERO,Masculino,41,221,1510,11693
49318,A,3,230,ANALISIS,NO,SI,0,PF,EXTRANJERO,Masculino,41,221,1510,11693
47748,A,4,216,PARAMETROS,NO,NO,0,PF,ARGENTINA,Masculino,32,221,1458,82823
30002,R,5,201,PARAMETROS,NO,SI,0,PF,EXTRANJERO,Masculino,48,234,741,85204
63021,A,4,216,ANALISIS,NO,NO,0,PF,ARGENTINA,Masculino,76,223,2127,11008
27824,L,2,206,ANALISIS,NO,NO,1,PF,ARGENTINA,Femenino,67,234,612,9348
28847,G,3,205,PARAMETROS,NO,SI,0,PF,ARGENTINA,Masculino,54,221,546,6794
29791,I,3,205,CASI,NO,NO,0,PF,ARGENTINA,Masculino,38,0,578,11690
48142,G,2,205,ANALISIS,NO,NO,1,PF,ARGENTINA,Masculino,33,0,1127,11690
35311,R,5,206,ANALISIS,NO,NO,1,PF,ARGENTINA,Femenino,50,221,949,86048
38435,L,2,209,CASI,NO,NO,0,PF,ARGENTINA,Femenino,44,221,584,7906
52623,R,5,241,ANALISIS,NO,NO,1,PF,EXTRANJERO,Masculino,61,2,1653,85176
33415,L,2,216,CESVI,SI,SI,0,PF,ARGENTINA,Masculino,70,218,876,8072
30517,M,2,206,CASI,NO,NO,0,PF,ARGENTINA,Masculino,78,214,586,85306
26134,A,4,225,CESVI,SI,NO,1,PF,ARGENTINA,Masculino,27,222,498,84305
30545,L,2,205,ANALISIS,NO,NO,0,PF,ARGENTINA,Masculino,44,221,661,85306
58943,A,3,205,ANALISIS,NO,NO,1,PF,ARGENTINA,Femenino,50,221,1250,85306
43176,G,2,206,CONTACTO,NO,NO,1,PF,ARGENTINA,Masculino,65,221,974,85306
37893,R,5,205,PARAMETROS,NO,SI,0,PF,ARGENTINA,Masculino,63,228,1037,85306
29161,R,5,205,CESVI,SI,NO,0,PF,ARGENTINA,Masculino,36,130,662,11690
62331,R,5,240,ANALISIS,NO,NO,0,PF,ARGENTINA,Masculino,27,130,2036,84582
34522,L,2,209,ANALISIS,NO,NO,1,PF,ARGENTINA,Femenino,64,221,850,7841
39141,R,5,216,PARAMETROS,NO,NO,0,PF,ARGENTINA,Masculino,56,218,1055,82944
47269,I,3,345,ANALISIS,NO,NO,0,PF,ARGENTINA,Femenino,60,221,1304,4500034
29241,L,3,205,ANALISIS,NO,NO,0,PF,ARGENTINA,Femenino,31,221,492,8407
59864,C,4,231,ANALISIS,NO,SI,0,PF,ARGENTINA,Masculino,44,221,1832,83333
27385,R,5,216,ANALISIS,NO,NO,0,PF,ARGENTINA,Masculino,32,238,510,6243
26432,R,5,230,CASI,NO,SI,0,PF,ARGENTINA,Masculino,39,15,426,82904
34467,R,5,201,CESVI,SI,NO,0,PF,ARGENTINA,Masculino,76,210,833,86665
32800,R,5,230,ANALISIS,NO,NO,0,PF,ARGENTINA,Masculino,37,251,737,86907
27532,L,2,209,ANALISIS,NO,NO,1,PF,ARGENTINA,Masculino,65,221,425,7734
52934,T,7,220,ANALISIS,NO,NO,0,PF,ARGENTINA,Masculino,47,221,1584,85713
31669,B,3,343,CESVI,SI,NO,1,PF,ARGENTINA,Masculino,52,249,693,86107
29601,A,3,338,ANALISIS,SI,NO,1,PF,ARGENTINA,Masculino,65,218,508,85683
28948,G,3,206,ANALISIS,NO,SI,0,PF,ARGENTINA,Masculino,65,130,487,84846
27693,A,4,216,ANALISIS,NO,SI,0,PF,ARGENTINA,Masculino,41,130,494,6344
61330,A,4,225,ANALISIS,NO,NO,1,PF,ARGENTINA,Femenino,45,130,1877,83640
50569,B,4,229,PARAMETROS,NO,SI,0,PF,ARGENTINA,Masculino,35,130,1449,11289
32561,L,2,232,ANALISIS,NO,NO,1,PF,ARGENTINA,Masculino,31,130,655,84076
25685,R,5,201,CESVI,SI,NO,0,PF,ARGENTINA,Femenino,39,46,355,10371
27518,A,3,220,ANALISIS,NO,NO,1,PF,ARGENTINA,Femenino,71,130,357,9880
59320,A,3,109,ANALISIS,NO,NO,1,PF,ARGENTINA,Femenino,55,130,1695,83335
38719,R,5,229,CESVI,SI,NO,0,PF,ARGENTINA,Masculino,55,130,950,83232
34288,L,2,205,ANALISIS,NO,NO,1,PF,ARGENTINA,Masculino,35,130,697,84756
50097,A,4,229,PARAMETROS,NO,NO,0,PF,ARGENTINA,Femenino,52,130,1391,11021
49801,I,4,201,PARAMETROS,NO,SI,0,PF,ARGENTINA,Femenino,59,46,1379,12177
50924,B,4,246,PARAMETROS,NO,NO,0,PF,EXTRANJERO,Masculino,36,130,1424,87111
27179,R,5,218,CESVI,SI,NO,0,PF,ARGENTINA,Masculino,50,130,426,84280
28573,G,2,231,ANALISIS,NO,NO,0,PF,ARGENTINA,Masculino,37,130,441,10528
30877,R,5,230,PARAMETROS,NO,NO,0,PF,ARGENTINA,Masculino,55,130,573,84862
38905,L,2,201,CASI,SI,NO,1,PF,ARGENTINA,Femenino,39,130,479,84539
39490,L,3,201,CASI,SI,NO,1,PF,ARGENTINA,Femenino,39,130,479,84539
39495,L,2,201,CASI,SI,NO,1,PF,ARGENTINA,Femenino,39,130,479,84539
59722,R,5,216,PARAMETROS,NO,NO,0,PF,ARGENTINA,Masculino,50,130,1704,84155
38354,A,3,230,CESVI,SI,NO,1,PF,ARGENTINA,Masculino,41,130,895,11291
61140,C,4,216,ANALISIS,NO,NO,0,PF,ARGENTINA,Masculino,46,130,1803,86925
25974,R,5,231,PARAMETROS,NO,SI,0,PF,ARGENTINA,Femenino,37,130,270,9687
58521,I,4,363,PARAMETROS,NO,NO,0,PF,ARGENTINA,Masculino,38,130,1582,6300056
30793,R,5,225,PARAMETROS,NO,NO,0,PF,ARGENTINA,Femenino,41,130,535,84305
60082,I,3,101,ANALISIS,NO,SI,0,PF,ARGENTINA,Masculino,52,46,1705,84345
58817,A,8,201,ANALISIS,NO,NO,0,PF,ARGENTINA,Femenino,67,225,1589,85269
49919,T,5,220,ANALISIS,NO,NO,0,PF,ARGENTINA,Masculino,37,130,1301,7464
36710,R,4,220,ANALISIS,NO,NO,1,PF,ARGENTINA,Femenino,49,130,670,10256
62263,A,3,231,ANALISIS,NO,NO,0,PF,ARGENTINA,Masculino,70,46,1773,89723
33030,R,5,205,ANALISIS,NO,NO,0,PF,ARGENTINA,Masculino,41,0,288,11690
48635,R,5,205,PARAMETROS,NO,SI,0,PF,ARGENTINA,Femenino,64,130,1244,87158
59076,A,8,232,PARAMETROS,NO,NO,1,PF,ARGENTINA,Masculino,63,130,1597,85670
27469,L,2,231,ANALISIS,SI,NO,0,PF,ARGENTINA,Femenino,63,130,308,83587
30546,R,5,225,PARAMETROS,NO,NO,1,PF,ARGENTINA,Masculino,41,130,505,11886
40901,I,3,205,ANALISIS,NO,SI,0,PF,EXTRANJERO,Masculino,58,0,731,8407
47888,R,4,216,ANALISIS,NO,NO,0,PF,ARGENTINA,Masculino,67,130,1155,84133
30525,G,3,205,ANALISIS,NO,NO,0,PF,ARGENTINA,Masculino,36,130,429,8407
32986,G,2,205,ANALISIS,NO,NO,1,PF,ARGENTINA,Masculino,36,130,429,8407
64055,A,4,205,PARAMETROS,NO,NO,0,PF,ARGENTINA,Masculino,44,130,1902,86048
61390,B,4,205,ANALISIS,NO,NO,0,PF,ARGENTINA,Masculino,41,130,1723,90983
60551,A,4,205,ANALISIS,NO,NO,1,PF,ARGENTINA,Masculino,48,221,1673,85306
34544,G,2,230,ANALISIS,NO,NO,1,PF,ARGENTINA,Masculino,32,226,532,84656
52501,T,7,225,ANALISIS,NO,SI,0,PF,ARGENTINA,Masculino,59,226,1388,83516
50706,R,5,232,PARAMETROS,NO,SI,0,PF,ARGENTINA,Femenino,56,130,1269,87582
34554,G,2,206,ANALISIS,NO,NO,0,PF,ARGENTINA,Masculino,42,221,338,11690
34708,R,4,201,ANALISIS,NO,SI,0,PF,ARGENTINA,Masculino,34,221,635,85274
32559,G,2,216,ANALISIS,NO,NO,0,PF,ARGENTINA,Femenino,45,221,360,85677
33443,L,2,205,PARAMETROS,NO,NO,1,PF,ARGENTINA,Masculino,32,226,369,11690
27603,R,5,206,CESVI,SI,NO,0,PF,ARGENTINA,Masculino,70,150,302,6794
39674,A,3,205,ANALISIS,NO,NO,1,PF,ARGENTINA,Femenino,57,226,709,8407
62747,R,5,388,PARAMETROS,NO,NO,1,PF,ARGENTINA,Femenino,52,107,1758,8821094
59896,A,4,205,ANALISIS,NO,NO,0,PF,ARGENTINA,Masculino,28,130,1593,86048
26220,G,5,220,PARAMETROS,NO,NO,1,PF,ARGENTINA,Masculino,52,228,207,83511
30285,R,5,231,CESVI,SI,NO,0,PF,ARGENTINA,Masculino,30,46,420,83380
29322,L,2,230,ANALISIS,NO,NO,1,PF,ARGENTINA,Masculino,39,221,369,11658
34095,L,2,205,PARAMETROS,NO,NO,1,PF,EXTRANJERO,Masculino,43,221,368,11640
39312,T,3,231,ANALISIS,NO,NO,0,PF,ARGENTINA,Masculino,41,226,650,83678
31972,L,3,218,ANALISIS,NO,NO,1,PF,ARGENTINA,Femenino,32,130,328,86498
28848,G,3,232,PARAMETROS,NO,SI,0,PF,ARGENTINA,Masculino,63,3,170,84495
25303,R,5,216,PARAMETROS,NO,SI,0,PF,ARGENTINA,Masculino,41,15,135,7452
59287,A,4,230,PARAMETROS,NO,NO,1,PF,ARGENTINA,Masculino,34,221,1526,89051
59027,B,4,205,PARAMETROS,NO,NO,0,PF,ARGENTINA,Masculino,41,221,1501,90426
33649,G,2,232,PARAMETROS,NO,NO,0,PF,ARGENTINA,Masculino,81,63,388,11488
32531,A,4,392,ANALISIS,NO,NO,1,PF,ARGENTINA,Masculino,48,79,468,84070
48767,G,2,201,PARAMETROS,NO,SI,0,PF,EXTRANJERO,Masculino,78,36,1067,11479
46323,R,5,216,ANALISIS,NO,NO,1,PF,ARGENTINA,Femenino,65,218,1022,86010
49177,R,5,216,CESVI,SI,NO,1,PF,ARGENTINA,Femenino,65,218,1157,86010
59800,A,4,218,ANALISIS,NO,SI,0,PF,ARGENTINA,Masculino,41,221,1561,9878
39275,R,5,218,ANALISIS,NO,SI,0,PF,ARGENTINA,Masculino,59,226,769,84281
47626,A,4,229,PARAMETROS,NO,NO,0,PF,ARGENTINA,Masculino,62,3,1095,83232
59193,T,8,239,ANALISIS,NO,NO,0,PF,ARGENTINA,Masculino,68,221,1445,7912
47382,A,4,225,PARAMETROS,NO,SI,0,PF,ARGENTINA,Masculino,35,221,1076,9444
60343,A,4,238,ANALISIS,NO,NO,0,PF,ARGENTINA,Masculino,42,221,1574,86018
32358,R,5,201,PARAMETROS,NO,NO,0,PF,ARGENTINA,Masculino,38,138,461,84018
46409,T,3,246,ANALISIS,NO,NO,0,PF,ARGENTINA,Femenino,65,0,853,11690
26451,R,5,101,CHECKLIST,NO,NO,1,PF,ARGENTINA,Masculino,39,130,180,84306
25782,R,5,205,ANALISIS,NO,SI,0,PF,EXTRANJERO,Masculino,44,130,81,85573
51501,T,6,230,ANALISIS,NO,NO,0,PF,ARGENTINA,Masculino,50,138,1218,12109
35127,G,2,216,PARAMETROS,NO,NO,0,PF,ARGENTINA,Femenino,65,212,340,82823
25592,R,5,230,ANALISIS,NO,NO,0,PF,ARGENTINA,Masculino,38,221,76,10433
34537,G,2,225,PARAMETROS,NO,NO,0,PF,ARGENTINA,Masculino,32,130,414,84392
60987,A,4,205,PARAMETROS,NO,NO,0,PF,ARGENTINA,Masculino,57,213,1585,84562
43783,L,2,245,ANALISIS,NO,NO,0,PF,ARGENTINA,Masculino,53,3,700,85560
40697,R,5,216,PARAMETROS,NO,NO,0,PF,ARGENTINA,Masculino,50,237,737,7194
58643,A,4,230,ANALISIS,NO,NO,0,PF,ARGENTINA,Masculino,31,221,1397,83896
62337,I,4,232,ANALISIS,NO,NO,0,PF,ARGENTINA,Masculino,50,221,1678,84120
28412,I,2,205,ANALISIS,NO,NO,1,PF,ARGENTINA,Femenino,39,221,188,84562
47764,A,4,205,ANALISIS,NO,NO,0,PF,ARGENTINA,Masculino,34,221,1039,87158
41148,R,5,216,ANALISIS,NO,SI,0,PF,ARGENTINA,Masculino,41,40,776,83373
33167,A,8,216,ANALISIS,NO,SI,1,PF,ARGENTINA,Masculino,38,48,470,85962
51123,B,4,201,PARAMETROS,NO,NO,0,PF,EXTRANJERO,Masculino,42,130,1184,11905
63297,B,4,225,PARAMETROS,NO,NO,0,PF,ARGENTINA,Masculino,45,242,1721,83640
34364,T,8,216,ANALISIS,NO,NO,1,PF,ARGENTINA,Masculino,41,149,490,85832
27393,G,2,388,ANALISIS,NO,NO,0,PF,ARGENTINA,Masculino,53,234,46,8800013
33599,G,2,216,ANALISIS,NO,NO,0,PF,ARGENTINA,Masculino,32,221,391,84155
41756,T,9,247,PARAMETROS,NO,NO,0,PF,ARGENTINA,Masculino,57,250,779,84735
50334,A,4,246,PARAMETROS,NO,NO,1,PF,ARGENTINA,Masculino,44,221,1129,8407
26578,R,5,101,ANALISIS,NO,NO,1,PF,ARGENTINA,Masculino,43,110,94,83646
63006,R,5,216,ANALISIS,NO,NO,1,PF,ARGENTINA,Masculino,67,221,1654,7994
34659,L,2,201,CONTACTO,NO,NO,0,PF,ARGENTINA,Femenino,59,135,429,11126
43922,R,4,225,ANALISIS,NO,SI,1,PF,ARGENTINA,Masculino,30,221,770,85785
58224,T,7,201,ANALISIS,NO,NO,0,PF,ARGENTINA,Masculino,31,130,1307,11911
28345,R,5,225,CESVI,SI,NO,0,PF,ARGENTINA,Masculino,57,4,210,83493
35596,B,3,232,CESVI,SI,NO,0,PF,ARGENTINA,Femenino,31,228,530,83432
60730,L,2,246,ANALISIS,NO,NO,1,PF,ARGENTINA,Masculino,34,221,1488,11690
42459,G,2,231,ANALISIS,NO,NO,0,PF,ARGENTINA,Masculino,53,46,13,83610
26834,L,2,231,CESVI,SI,NO,1,PF,ARGENTINA,Femenino,56,6,109,83925
32010,L,2,231,CASI,NO,NO,1,PF,ARGENTINA,Femenino,56,6,109,83925
32011,L,2,231,CASI,NO,NO,1,PF,ARGENTINA,Femenino,56,6,109,83925
37889,R,5,229,ANALISIS,NO,SI,0,PF,EXTRANJERO,Femenino,47,130,598,11628
49669,R,5,231,PARAMETROS,NO,SI,0,PF,EXTRANJERO,Masculino,56,228,1036,83333
28418,G,3,205,ANALISIS,NO,NO,0,PF,ARGENTINA,Masculino,44,221,75,84562
28475,G,2,201,ANALISIS,NO,NO,0,PF,ARGENTINA,Masculino,35,130,32,10186
33421,R,5,231,PARAMETROS,NO,NO,0,PF,ARGENTINA,Masculino,45,130,414,83758
33422,G,2,201,PARAMETROS,NO,NO,1,PF,ARGENTINA,Masculino,50,14,228,86005
43267,T,7,225,ANALISIS,NO,NO,1,PF,ARGENTINA,Masculino,26,221,794,84305
41763,A,4,205,ANALISIS,NO,NO,1,PF,ARGENTINA,Masculino,48,221,740,87158
34498,L,2,209,ANALISIS,NO,NO,1,PF,ARGENTINA,Masculino,32,130,327,85801
28209,I,3,109,ANALISIS,SI,NO,1,PF,ARGENTINA,Femenino,41,15,67,85750
49729,C,4,230,PARAMETROS,NO,SI,0,PF,ARGENTINA,Femenino,39,221,1049,84135
27869,G,2,201,CESVI,SI,NO,0,PF,ARGENTINA,Masculino,39,51,32,84083
51757,A,4,205,PARAMETROS,NO,NO,0,PF,ARGENTINA,Masculino,45,217,1141,87158
60651,G,1,216,ANALISIS,NO,NO,1,PF,ARGENTINA,Masculino,62,221,1165,89108
48818,G,3,225,PARAMETROS,NO,NO,0,PF,ARGENTINA,Masculino,48,221,514,83516
35870,A,3,109,ANALISIS,NO,NO,1,PF,ARGENTINA,Masculino,32,130,484,87498
63896,A,4,218,ANALISIS,NO,NO,0,PF,ARGENTINA,Femenino,42,130,1654,87227
63678,A,3,220,ANALISIS,NO,NO,1,PF,ARGENTINA,Masculino,76,130,1575,8517
34758,L,2,216,PARAMETROS,NO,NO,1,PF,ARGENTINA,Masculino,59,221,289,82823
29578,L,2,209,CASI,NO,NO,1,PF,ARGENTINA,Femenino,29,130,45,83649
30515,L,2,205,ANALISIS,NO,NO,0,PF,ARGENTINA,Femenino,37,221,201,11690
29374,L,2,206,ANALISIS,NO,NO,0,PF,ARGENTINA,Masculino,44,221,114,11690
59766,L,2,232,ANALISIS,NO,SI,1,PF,ARGENTINA,Masculino,45,251,1251,11242
31573,R,5,231,PARAMETROS,NO,SI,0,PF,ARGENTINA,Masculino,31,130,283,83631
48056,A,4,216,PARAMETROS,NO,SI,0,PF,ARGENTINA,Masculino,38,130,941,9166
32552,R,5,229,ANALISIS,SI,NO,0,PF,ARGENTINA,Masculino,37,51,316,84271
47641,G,2,218,PARAMETROS,NO,NO,0,PF,ARGENTINA,Masculino,48,221,866,10543
53217,A,4,240,PARAMETROS,NO,NO,1,PF,ARGENTINA,Masculino,45,135,1173,84582
64290,A,4,205,PARAMETROS,NO,NO,0,PF,ARGENTINA,Masculino,26,130,1672,87158
58632,A,4,205,PARAMETROS,NO,NO,0,PF,ARGENTINA,Masculino,52,91,1264,84562
34096,L,2,201,ANALISIS,NO,NO,0,PF,ARGENTINA,Masculino,39,221,149,12039
27604,A,5,229,ANALISIS,NO,SI,1,PF,ARGENTINA,Masculino,63,130,71,84518
47307,A,4,205,PARAMETROS,NO,NO,1,PF,ARGENTINA,Femenino,56,221,844,86048
40893,R,5,231,ANALISIS,NO,NO,1,PF,ARGENTINA,Masculino,39,221,605,87969
48141,G,2,231,ANALISIS,NO,NO,1,PF,ARGENTINA,Masculino,63,221,94,84276
32356,R,5,205,ANALISIS,NO,NO,0,PF,EXTRANJERO,Masculino,58,0,283,11690
48152,G,2,216,ANALISIS,NO,NO,1,PF,ARGENTINA,Masculino,48,23,418,85641
31007,R,5,201,PARAMETROS,NO,NO,0,PF,ARGENTINA,Masculino,38,238,208,11913
59363,L,2,205,ANALISIS,NO,NO,0,PF,ARGENTINA,Masculino,47,221,1254,86048
58819,A,4,241,ANALISIS,NO,NO,0,PF,ARGENTINA,Femenino,45,221,1258,85184
29552,L,2,238,CESVI,SI,NO,1,PF,ARGENTINA,Masculino,63,220,130,86063
46366,R,5,239,ANALISIS,NO,SI,0,PF,ARGENTINA,Femenino,48,226,818,84021
58214,L,4,230,PARAMETROS,NO,NO,0,PF,ARGENTINA,Masculino,48,107,1196,83892
58482,A,3,220,ANALISIS,NO,NO,0,PF,ARGENTINA,Femenino,59,130,982,83422
33795,T,8,231,PARAMETROS,NO,NO,0,PF,ARGENTINA,Femenino,59,221,334,86278
58231,A,4,101,PARAMETROS,NO,NO,0,PF,ARGENTINA,Masculino,50,106,1047,85157
48919,R,5,225,ANALISIS,NO,NO,0,PF,ARGENTINA,Femenino,35,226,923,84305
62998,T,7,225,ANALISIS,NO,NO,1,PF,ARGENTINA,Femenino,35,221,1525,89160
47804,A,4,231,ANALISIS,NO,NO,0,PF,ARGENTINA,Masculino,30,130,879,86274
43787,G,2,216,PARAMETROS,NO,SI,0,PF,ARGENTINA,Masculino,35,221,652,86702
50131,R,5,238,ANALISIS,NO,NO,0,PF,ARGENTINA,Femenino,55,107,950,85890
32554,R,5,232,ANALISIS,NO,SI,0,PF,ARGENTINA,Masculino,48,228,241,7979
31276,R,5,230,CESVI,SI,SI,1,PF,ARGENTINA,Masculino,48,14,204,12232
29553,R,5,205,ANALISIS,NO,SI,0,PF,ARGENTINA,Masculino,39,221,123,82838
52861,A,4,229,PARAMETROS,NO,NO,0,PF,EXTRANJERO,Masculino,77,223,1106,83082
52552,A,8,378,ANALISIS,NO,NO,0,PF,ARGENTINA,Femenino,43,221,1063,83132
41637,I,3,218,PARAMETROS,NO,SI,0,PF,ARGENTINA,Masculino,57,234,587,86256
46591,C,3,218,ANALISIS,NO,NO,0,PF,ARGENTINA,Masculino,57,234,661,86256
40142,R,3,232,PARAMETROS,NO,NO,0,PF,ARGENTINA,Femenino,84,107,102,83261
48421,G,2,232,PARAMETROS,NO,SI,0,PF,ARGENTINA,Masculino,52,226,720,86128
29796,L,2,206,CESVI,SI,SI,1,PF,ARGENTINA,Masculino,44,221,10,85505
60232,A,4,231,ANALISIS,NO,NO,1,PF,EXTRANJERO,Masculino,49,46,1338,85940
32977,A,3,231,CESVI,SI,SI,1,PF,ARGENTINA,Masculino,64,221,275,83255
51449,C,4,201,ANALISIS,NO,SI,0,PF,ARGENTINA,Masculino,32,130,1010,88613
30907,L,2,205,ANALISIS,NO,NO,0,PF,ARGENTINA,Femenino,42,221,131,86048
41151,G,2,209,ANALISIS,NO,NO,0,PF,ARGENTINA,Femenino,37,106,211,84012
49174,A,4,205,PARAMETROS,NO,NO,0,PF,ARGENTINA,Masculino,62,221,892,87158
29536,G,2,206,PARAMETROS,NO,SI,0,PF,ARGENTINA,Masculino,62,221,-3,8407
47303,B,4,246,PARAMETROS,NO,NO,0,PF,ARGENTINA,Masculino,30,221,812,87111
59028,A,8,231,PARAMETROS,NO,SI,1,PF,ARGENTINA,Femenino,38,130,1217,86276
30092,G,2,201,ANALISIS,NO,SI,0,PF,ARGENTINA,Masculino,34,130,23,83839
61450,R,5,225,PARAMETROS,NO,NO,0,PF,ARGENTINA,Masculino,60,21,1394,83516
59204,R,5,216,ANALISIS,NO,NO,0,PF,ARGENTINA,Masculino,55,107,1217,87884
47931,A,4,231,PARAMETROS,NO,NO,1,PF,ARGENTINA,Femenino,45,221,836,86274
38600,L,2,230,ANALISIS,NO,NO,0,PF,ARGENTINA,Masculino,84,238,340,84690
61722,T,3,231,ANALISIS,NO,NO,0,PF,ARGENTINA,Masculino,63,243,1394,87969
63350,A,4,216,PARAMETROS,NO,NO,0,PF,ARGENTINA,Masculino,67,238,1514,90773
36414,R,5,230,PARAMETROS,NO,NO,0,PF,ARGENTINA,Femenino,45,130,373,85507
50813,B,8,205,ANALISIS,NO,SI,0,PF,ARGENTINA,Masculino,44,221,952,86121
35767,R,5,238,PARAMETROS,NO,SI,0,PF,ARGENTINA,Masculino,63,213,345,86322
34487,R,5,101,ANALISIS,NO,NO,0,PF,ARGENTINA,Masculino,50,221,293,85157
40235,L,2,209,ANALISIS,SI,NO,0,PF,ARGENTINA,Femenino,52,251,281,84012
33418,L,2,231,ANALISIS,NO,NO,0,PF,ARGENTINA,Masculino,55,130,120,86357
30040,R,5,216,CESVI,SI,SI,0,PF,ARGENTINA,Masculino,59,130,104,6485
41315,A,4,240,ANALISIS,NO,NO,1,PF,ARGENTINA,Masculino,37,221,547,86232
48485,T,4,242,CESVI,SI,NO,0,PF,ARGENTINA,Femenino,30,249,844,86390
58524,A,3,246,ANALISIS,NO,NO,1,PF,ARGENTINA,Femenino,44,0,1104,11690
52121,A,8,246,PARAMETROS,NO,NO,1,PF,ARGENTINA,Masculino,42,221,1013,11690
35499,T,5,216,PARAMETROS,NO,NO,0,PF,EXTRANJERO,Masculino,57,256,327,83373
58715,A,4,201,ANALISIS,NO,NO,0,PF,ARGENTINA,Femenino,35,221,1151,85676
31427,R,5,238,PARAMETROS,NO,NO,0,PF,ARGENTINA,Masculino,56,226,133,86322
50563,C,4,216,PARAMETROS,NO,NO,0,PF,ARGENTINA,Masculino,31,221,916,83395
52919,A,8,232,ANALISIS,NO,NO,1,PF,ARGENTINA,Masculino,35,221,776,86591
59075,A,8,232,ANALISIS,NO,NO,1,PF,ARGENTINA,Masculino,35,221,776,86591
46151,R,5,216,CHECKLIST,NO,NO,0,PF,ARGENTINA,Masculino,70,130,720,86702
42851,L,2,209,ANALISIS,NO,NO,1,PF,ARGENTINA,Masculino,31,130,200,10162
60886,A,4,231,ANALISIS,NO,NO,0,PF,ARGENTINA,Masculino,52,221,1307,86278
58236,A,3,216,ANALISIS,NO,NO,1,PF,ARGENTINA,Masculino,30,221,1006,6243
36302,L,2,231,CESVI,SI,SI,1,PF,ARGENTINA,Masculino,41,221,345,84803
58373,I,1,225,ANALISIS,NO,NO,1,PF,ARGENTINA,Masculino,35,221,1050,84305
49631,B,4,216,PARAMETROS,NO,NO,0,PF,ARGENTINA,Femenino,32,221,850,9166
60089,R,5,109,ANALISIS,NO,NO,0,PF,ARGENTINA,Masculino,67,40,1249,84529
37205,R,5,216,PARAMETROS,NO,NO,0,PF,ARGENTINA,Masculino,31,221,361,85962
42157,M,2,216,ANALISIS,NO,NO,0,PF,ARGENTINA,Masculino,32,221,276,10374
49388,A,4,216,PARAMETROS,NO,NO,1,PF,ARGENTINA,Masculino,48,221,834,84073
43128,L,2,229,ANALISIS,NO,NO,0,PF,ARGENTINA,Masculino,47,130,551,11628
35232,R,5,231,PARAMETROS,NO,NO,0,PF,ARGENTINA,Masculino,42,221,285,85996
53076,B,4,238,PARAMETROS,NO,NO,0,PF,ARGENTINA,Masculino,41,221,1016,86314
40892,R,5,220,PARAMETROS,NO,SI,0,PF,ARGENTINA,Masculino,47,130,485,84688
58225,R,4,230,PARAMETROS,NO,NO,1,PF,ARGENTINA,Femenino,43,61,1054,85868
46896,B,8,101,ANALISIS,NO,SI,1,PF,ARGENTINA,Femenino,37,238,706,85157
51615,A,3,231,ANALISIS,NO,NO,1,PF,ARGENTINA,Masculino,41,221,792,86274
32301,G,2,240,PARAMETROS,NO,NO,1,PF,ARGENTINA,Masculino,53,130,6,83601
37226,R,5,345,PARAMETROS,NO,NO,0,PF,ARGENTINA,Masculino,54,130,313,1910094
59927,A,4,232,ANALISIS,NO,NO,0,PF,EXTRANJERO,Masculino,47,130,1201,87581
62636,L,2,205,ANALISIS,NO,SI,0,PF,ARGENTINA,Masculino,31,221,1130,87166
59265,A,4,205,ANALISIS,NO,NO,0,PF,ARGENTINA,Masculino,50,221,1153,87158
45515,L,2,239,ANALISIS,NO,NO,0,PF,ARGENTINA,Masculino,76,130,515,9673
63378,R,5,392,ANALISIS,NO,NO,0,PF,ARGENTINA,Femenino,55,35,1413,10059
58958,I,3,209,ANALISIS,NO,NO,0,PF,ARGENTINA,Masculino,38,106,1092,84012
31104,A,3,239,CESVI,SI,NO,1,PF,ARGENTINA,Masculino,48,131,70,83760
48330,A,3,220,ANALISIS,NO,NO,1,PF,ARGENTINA,Masculino,35,221,673,11122
58841,A,4,238,PARAMETROS,NO,NO,1,PF,ARGENTINA,Masculino,28,221,1061,86063
43263,A,4,205,PARAMETROS,NO,NO,1,PF,ARGENTINA,Masculino,63,226,522,85784
39182,G,2,238,ANALISIS,NO,NO,0,PF,ARGENTINA,Masculino,37,130,62,86326
40533,L,2,218,CESVI,SI,SI,1,PF,ARGENTINA,Masculino,60,130,395,83428
54221,B,4,229,PARAMETROS,NO,SI,1,PF,ARGENTINA,Masculino,34,221,994,84257
45143,L,2,231,PARAMETROS,NO,NO,1,PF,ARGENTINA,Masculino,37,130,158,86510
31456,I,3,216,ANALISIS,NO,NO,0,PF,ARGENTINA,Masculino,63,107,13,11008
34447,I,3,216,ANALISIS,NO,NO,0,PF,ARGENTINA,Masculino,63,107,13,11008
33655,I,5,229,PARAMETROS,NO,SI,0,PF,ARGENTINA,Femenino,62,226,162,11184
31702,C,3,392,CESVI,SI,NO,1,PF,ARGENTINA,Masculino,35,135,56,86262
49407,T,7,225,ANALISIS,NO,NO,0,PF,ARGENTINA,Masculino,67,130,753,85610
50370,A,4,241,PARAMETROS,NO,NO,0,PF,ARGENTINA,Masculino,67,221,825,86910
42342,A,4,220,CESVI,SI,NO,1,PF,ARGENTINA,Masculino,37,221,502,85238
46570,G,2,209,ANALISIS,NO,NO,0,PF,ARGENTINA,Femenino,34,221,409,85320
51781,G,2,246,ANALISIS,NO,NO,0,PF,ARGENTINA,Masculino,28,221,758,8407
58181,A,4,230,PARAMETROS,NO,SI,0,PF,ARGENTINA,Femenino,45,221,1004,88014
38925,R,5,220,CESVI,SI,NO,1,PF,ARGENTINA,Masculino,38,221,372,86487
49259,L,3,229,ANALISIS,NO,NO,1,PF,EXTRANJERO,Masculino,35,130,618,11184
41145,L,2,238,ANALISIS,NO,NO,0,PF,ARGENTINA,Masculino,37,221,369,86063
40604,T,4,225,ANALISIS,NO,NO,0,PF,ARGENTINA,Masculino,41,221,416,12028
52913,L,2,232,ANALISIS,NO,NO,1,PF,ARGENTINA,Masculino,47,107,732,86591
59084,L,2,232,ANALISIS,NO,NO,1,PF,ARGENTINA,Masculino,47,107,732,86591
52909,A,3,232,ANALISIS,NO,NO,1,PF,ARGENTINA,Masculino,47,107,656,86591
59086,A,3,232,ANALISIS,NO,NO,1,PF,ARGENTINA,Masculino,47,107,656,86591
60423,I,8,232,ANALISIS,NO,NO,0,PF,EXTRANJERO,Femenino,43,226,1187,86838
58309,G,2,245,PARAMETROS,NO,NO,1,PF,ARGENTINA,Masculino,57,130,630,86124
44089,R,5,230,ANALISIS,NO,NO,0,PF,ARGENTINA,Masculino,34,221,529,85507
36259,T,7,216,ANALISIS,NO,NO,0,PF,ARGENTINA,Femenino,37,130,227,86436
40141,R,5,230,ANALISIS,NO,NO,0,PF,ARGENTINA,Masculino,59,130,376,85507
49231,A,3,232,ANALISIS,NO,NO,1,PF,ARGENTINA,Masculino,30,221,745,7126
49232,A,3,232,ANALISIS,NO,NO,1,PF,ARGENTINA,Masculino,30,221,705,7126
39216,A,4,216,ANALISIS,NO,NO,1,PF,ARGENTINA,Masculino,34,130,323,84025
39790,A,8,216,ANALISIS,NO,NO,1,PF,ARGENTINA,Masculino,34,130,291,84025
59262,B,8,238,PARAMETROS,NO,NO,0,PF,ARGENTINA,Femenino,42,221,1095,83973
62333,A,4,231,PARAMETROS,NO,NO,0,PF,ARGENTINA,Masculino,56,221,1302,11893
58210,B,4,216,PARAMETROS,NO,NO,0,PF,ARGENTINA,Masculino,43,54,980,6243
49403,L,2,238,PARAMETROS,NO,NO,0,PF,ARGENTINA,Masculino,41,221,492,86218
48791,R,5,201,ANALISIS,NO,NO,0,PF,ARGENTINA,Masculino,52,221,709,8919
36827,G,2,232,ANALISIS,NO,NO,1,PF,EXTRANJERO,Masculino,33,130,162,83432
50665,A,2,246,ANALISIS,NO,NO,0,PF,ARGENTINA,Masculino,56,0,492,87111
49824,A,4,238,PARAMETROS,NO,NO,0,PF,ARGENTINA,Masculino,44,221,767,86717
31009,T,9,216,PARAMETROS,NO,NO,0,PF,ARGENTINA,Masculino,33,221,0,82823
36379,L,2,238,ANALISIS,NO,NO,0,PF,ARGENTINA,Masculino,45,226,103,83973
61659,A,4,205,ANALISIS,NO,NO,1,PF,ARGENTINA,Masculino,45,221,1237,86048
59587,A,4,246,PARAMETROS,NO,NO,1,PF,ARGENTINA,Masculino,38,221,1097,11690
59589,B,4,246,PARAMETROS,NO,NO,0,PF,ARGENTINA,Masculino,44,221,1097,11690
58924,I,4,216,ANALISIS,NO,NO,0,PF,ARGENTINA,Masculino,53,221,1025,88269
38375,R,5,220,ANALISIS,NO,NO,0,PF,ARGENTINA,Femenino,38,218,78,86057
59052,R,5,230,ANALISIS,NO,NO,1,PF,ARGENTINA,Masculino,52,221,994,9865
59202,G,2,231,ANALISIS,NO,SI,0,PF,EXTRANJERO,Masculino,39,221,921,89068
42499,G,2,205,ANALISIS,NO,NO,0,PF,ARGENTINA,Masculino,27,221,306,84562
60345,A,4,216,ANALISIS,NO,NO,0,PF,ARGENTINA,Masculino,33,221,1140,88269
40532,R,5,246,ANALISIS,NO,NO,0,PF,ARGENTINA,Femenino,30,221,358,8407
48211,A,4,230,PARAMETROS,NO,NO,0,PF,ARGENTINA,Femenino,67,226,665,88014
46308,M,2,245,ANALISIS,NO,NO,0,PF,ARGENTINA,Masculino,38,221,456,86604
37318,L,2,242,CESVI,SI,NO,0,PF,ARGENTINA,Masculino,32,221,201,86392
47253,A,4,205,ANALISIS,NO,SI,0,PF,ARGENTINA,Masculino,34,221,587,87158
61176,A,4,205,ANALISIS,NO,SI,0,PF,ARGENTINA,Masculino,34,221,1194,87158
47478,R,5,101,PARAMETROS,NO,NO,0,PF,EXTRANJERO,Masculino,47,221,627,86229
42870,L,2,216,ANALISIS,NO,NO,1,PF,ARGENTINA,Femenino,27,221,227,86702
60566,A,4,201,ANALISIS,NO,SI,0,PF,ARGENTINA,Masculino,59,228,1149,10866
61692,A,3,225,ANALISIS,NO,NO,0,PF,ARGENTINA,Masculino,30,107,1216,83516
32932,G,3,209,ANALISIS,NO,NO,0,PF,ARGENTINA,Masculino,24,114,3,10721
60615,T,8,218,ANALISIS,NO,NO,0,PF,ARGENTINA,Masculino,52,221,1130,86991
63273,A,8,238,ANALISIS,NO,NO,0,PF,ARGENTINA,Masculino,44,221,1290,86456
48534,R,5,238,PARAMETROS,NO,NO,0,PF,ARGENTINA,Masculino,42,221,643,86493
48874,R,5,238,ANALISIS,NO,NO,0,PF,ARGENTINA,Masculino,59,130,650,83973
43786,L,2,245,PARAMETROS,NO,NO,1,PF,ARGENTINA,Masculino,35,130,363,86941
38407,G,2,205,ANALISIS,NO,NO,0,PF,ARGENTINA,Masculino,37,221,22,83360
52402,A,3,231,ANALISIS,NO,NO,0,PF,ARGENTINA,Femenino,65,221,660,83826
48540,A,4,218,PARAMETROS,NO,NO,1,PF,ARGENTINA,Masculino,39,221,636,85629
33210,L,3,388,ANALISIS,NO,NO,0,PF,ARGENTINA,Masculino,31,221,1,8819727
43495,L,2,209,ANALISIS,NO,NO,0,PF,ARGENTINA,Masculino,26,221,121,84012
58417,A,4,246,PARAMETROS,NO,NO,1,PF,EXTRANJERO,Masculino,37,221,924,87111
34485,R,5,101,ANALISIS,NO,NO,0,PF,ARGENTINA,Masculino,45,221,75,85157
48541,C,3,238,ANALISIS,NO,NO,0,PF,ARGENTINA,Masculino,52,221,567,86371
50062,L,2,218,ANALISIS,NO,NO,1,PF,ARGENTINA,Masculino,39,221,91,83773
50065,L,2,218,ANALISIS,NO,NO,1,PF,ARGENTINA,Masculino,39,221,91,83773
50052,B,3,101,ANALISIS,NO,NO,1,PF,ARGENTINA,Masculino,41,106,98,85157
48418,G,2,230,ANALISIS,NO,NO,0,PF,ARGENTINA,Masculino,24,130,444,84987
33069,R,5,345,ANALISIS,NO,NO,0,PF,ARGENTINA,Masculino,74,130,-1,84477
41712,R,5,201,CESVI,SI,NO,0,PF,ARGENTINA,Masculino,42,228,354,86699
37176,L,2,218,ANALISIS,SI,NO,1,PF,ARGENTINA,Masculino,48,221,59,83333
38598,L,2,229,ANALISIS,NO,NO,0,PF,ARGENTINA,Masculino,40,221,113,86324
50756,A,4,246,PARAMETROS,NO,NO,1,PF,ARGENTINA,Masculino,39,221,698,87068
52436,A,8,225,ANALISIS,NO,NO,0,PF,ARGENTINA,Femenino,44,225,731,85610
34214,R,5,106,PARAMETROS,NO,SI,0,PF,ARGENTINA,Masculino,67,250,36,85292
35426,R,5,229,ANALISIS,NO,NO,0,PF,ARGENTINA,Masculino,27,223,100,82708
40382,I,4,216,ANALISIS,NO,NO,0,PF,ARGENTINA,Femenino,39,138,249,82841
50051,C,3,101,ANALISIS,NO,NO,1,PF,ARGENTINA,Femenino,34,100,158,85157
51775,G,2,209,CONTACTO,NO,NO,1,PF,ARGENTINA,Masculino,34,130,756,12097
44145,L,2,230,ANALISIS,NO,NO,1,PF,ARGENTINA,Masculino,34,130,99,12097
34679,R,5,386,CHECKLIST,NO,NO,1,PF,ARGENTINA,Masculino,28,130,60,8600018
58418,A,4,238,PARAMETROS,NO,NO,1,PF,ARGENTINA,Femenino,57,226,893,83973
50449,A,4,205,PARAMETROS,NO,NO,1,PF,ARGENTINA,Masculino,45,221,686,84562
58646,R,5,230,PARAMETROS,NO,NO,0,PF,ARGENTINA,Masculino,38,25,840,12232
56805,A,4,231,PARAMETROS,NO,NO,0,PF,ARGENTINA,Masculino,38,221,821,86980
43265,R,5,216,ANALISIS,NO,NO,0,PF,ARGENTINA,Femenino,42,226,365,85125
58248,A,4,231,PARAMETROS,NO,NO,1,PF,ARGENTINA,Femenino,37,221,866,87247
39853,G,2,209,ANALISIS,NO,NO,0,PF,ARGENTINA,Masculino,76,226,126,84735
47681,I,4,230,PARAMETROS,NO,SI,0,PF,ARGENTINA,Masculino,52,226,537,84987
37574,A,3,209,ANALISIS,NO,NO,1,PF,ARGENTINA,Masculino,57,130,14,12097
62236,L,2,238,ANALISIS,NO,NO,0,PF,ARGENTINA,Masculino,26,130,896,87040
40403,G,2,201,ANALISIS,NO,NO,1,PF,ARGENTINA,Masculino,57,107,228,87188
51773,L,2,209,CONTACTO,NO,NO,0,PF,ARGENTINA,Masculino,44,221,728,12097
60711,A,4,205,ANALISIS,NO,NO,1,PF,ARGENTINA,Femenino,63,130,1065,86048
47474,C,4,238,PARAMETROS,NO,NO,0,PF,ARGENTINA,Masculino,28,221,530,86336
58234,A,8,205,ANALISIS,NO,NO,0,PF,ARGENTINA,Masculino,65,130,739,87281
60315,B,4,241,ANALISIS,NO,NO,0,PF,ARGENTINA,Masculino,38,221,1028,86910
42855,L,2,209,ANALISIS,NO,NO,1,PF,ARGENTINA,Masculino,44,221,-3,12097
37822,I,3,216,ANALISIS,NO,NO,1,PF,ARGENTINA,Masculino,37,221,118,84155
41423,L,2,246,ANALISIS,SI,NO,1,PF,ARGENTINA,Masculino,32,221,287,87068
43223,G,3,238,ANALISIS,NO,SI,0,PF,ARGENTINA,Masculino,57,130,292,86662
42849,G,2,209,ANALISIS,NO,NO,0,PF,ARGENTINA,Masculino,59,221,98,12097
42760,A,3,216,ANALISIS,NO,NO,0,PF,ARGENTINA,Femenino,41,221,76,7752
38699,R,5,241,PARAMETROS,NO,SI,0,PF,ARGENTINA,Masculino,36,226,148,85184
44627,L,2,241,ANALISIS,NO,NO,1,PF,ARGENTINA,Masculino,26,221,148,85935
60329,A,4,231,ANALISIS,NO,NO,0,PF,ARGENTINA,Masculino,41,221,1005,86278
50907,A,8,229,ANALISIS,NO,NO,0,PF,ARGENTINA,Masculino,47,221,619,83491
51774,L,2,209,CONTACTO,NO,NO,0,PF,ARGENTINA,Masculino,44,221,709,12097
61443,A,3,238,ANALISIS,NO,NO,1,PF,ARGENTINA,Masculino,71,234,1048,86968
35733,L,2,206,PARAMETROS,NO,NO,0,PF,ARGENTINA,Masculino,52,220,36,86340
46410,G,2,231,ANALISIS,NO,NO,0,PF,ARGENTINA,Masculino,34,221,264,85940
35806,R,5,241,ANALISIS,NO,NO,0,PF,ARGENTINA,Masculino,63,226,56,85444
37236,L,2,231,PARAMETROS,NO,NO,1,PF,ARGENTINA,Masculino,31,221,5,86510
48968,A,4,216,PARAMETROS,NO,NO,0,PF,ARGENTINA,Masculino,57,24,570,86872
44814,G,2,205,ANALISIS,NO,NO,0,PF,ARGENTINA,Masculino,47,130,317,87162
49408,G,2,238,ANALISIS,NO,NO,0,PF,ARGENTINA,Masculino,56,226,197,86924
43338,T,7,231,ANALISIS,NO,NO,1,PF,ARGENTINA,Masculino,47,130,313,86524
48102,R,5,101,ANALISIS,NO,NO,1,PF,EXTRANJERO,Femenino,62,223,500,85157
51600,C,4,231,PARAMETROS,NO,NO,1,PF,ARGENTINA,Masculino,65,130,693,83758
40605,R,5,101,CESVI,SI,NO,1,PF,ARGENTINA,Masculino,41,106,229,85157
53184,A,4,246,PARAMETROS,NO,NO,0,PF,EXTRANJERO,Masculino,43,221,767,87068
47241,A,3,240,ANALISIS,NO,NO,1,PF,ARGENTINA,Masculino,34,46,415,84380
60361,G,2,240,ANALISIS,NO,NO,0,PF,ARGENTINA,Masculino,24,130,682,84229
58741,C,4,225,PARAMETROS,NO,NO,0,PF,ARGENTINA,Masculino,28,221,865,85610
61236,L,2,216,ANALISIS,NO,NO,0,PF,ARGENTINA,Masculino,57,221,937,82823
44376,I,3,225,ANALISIS,NO,NO,1,PF,ARGENTINA,Masculino,50,221,49,85610
48437,B,4,201,PARAMETROS,NO,NO,0,PF,ARGENTINA,Femenino,27,221,517,84421
60206,T,9,231,ANALISIS,NO,NO,1,PF,ARGENTINA,Masculino,46,128,946,87969
50479,C,4,201,PARAMETROS,NO,NO,0,PF,ARGENTINA,Femenino,40,0,600,83839
59631,A,4,230,PARAMETROS,NO,NO,1,PF,EXTRANJERO,Masculino,37,130,906,10433
43674,L,2,245,ANALISIS,NO,NO,0,PF,ARGENTINA,Femenino,32,130,114,86941
44766,R,5,238,PARAMETROS,NO,NO,1,PF,ARGENTINA,Masculino,42,221,346,85591
52381,G,2,388,ANALISIS,NO,NO,0,PF,ARGENTINA,Masculino,38,130,656,8800013
58736,R,5,230,PARAMETROS,NO,SI,0,PF,ARGENTINA,Masculino,44,228,834,84081
47765,A,4,216,ANALISIS,NO,NO,1,PF,ARGENTINA,Femenino,52,38,452,12197
37888,L,2,209,PARAMETROS,NO,NO,1,PF,ARGENTINA,Femenino,85,223,46,87224
38962,L,3,238,ANALISIS,NO,NO,1,PF,ARGENTINA,Masculino,31,221,28,86717
40619,R,5,201,ANALISIS,NO,NO,0,PF,ARGENTINA,Masculino,27,221,144,85070
37799,R,5,218,PARAMETROS,NO,SI,0,PF,ARGENTINA,Masculino,67,213,75,11181
61581,A,4,109,ANALISIS,NO,NO,1,PF,ARGENTINA,Masculino,38,221,1038,84530
52956,L,2,209,ANALISIS,NO,NO,1,PF,ARGENTINA,Masculino,47,221,669,12097
59560,G,3,388,CESVI,SI,NO,0,PF,ARGENTINA,Masculino,50,238,892,86282
62568,A,4,218,PARAMETROS,NO,NO,0,PF,ARGENTINA,Masculino,33,108,1104,84610
36964,R,5,231,PARAMETROS,NO,NO,0,PF,ARGENTINA,Masculino,37,226,34,86524
43669,L,2,245,ANALISIS,NO,NO,0,PF,ARGENTINA,Masculino,57,221,266,84727
53119,R,5,201,PARAMETROS,NO,SI,0,PF,ARGENTINA,Masculino,84,228,688,86663
39854,R,5,231,PARAMETROS,NO,SI,0,PF,ARGENTINA,Masculino,37,138,136,87631
45550,A,3,231,ANALISIS,NO,NO,1,PF,ARGENTINA,Masculino,45,221,225,83826
49831,I,3,302,ANALISIS,NO,NO,1,PF,ARGENTINA,Masculino,32,130,317,84458
50695,I,3,231,ANALISIS,NO,NO,0,PF,ARGENTINA,Masculino,44,228,468,87969
61285,B,3,225,ANALISIS,NO,NO,0,PF,ARGENTINA,Femenino,65,221,1005,89160
61358,C,3,225,ANALISIS,NO,NO,0,PF,ARGENTINA,Femenino,65,221,1021,89160
43202,R,5,230,CESVI,SI,NO,0,PF,ARGENTINA,Masculino,57,130,282,84690
43343,T,7,231,ANALISIS,NO,NO,1,PF,ARGENTINA,Femenino,42,249,243,86524
63711,B,4,209,PARAMETROS,NO,NO,0,PF,ARGENTINA,Masculino,37,221,1159,12097
49292,C,3,220,ANALISIS,NO,NO,0,PF,ARGENTINA,Masculino,38,221,391,85995
59312,R,4,218,PARAMETROS,NO,NO,0,PF,ARGENTINA,Masculino,34,221,850,87177
59322,R,5,218,PARAMETROS,NO,NO,0,PF,ARGENTINA,Masculino,34,221,850,87177
61394,I,4,201,ANALISIS,NO,NO,0,PF,ARGENTINA,Femenino,31,130,996,11225
38695,R,5,241,PARAMETROS,NO,SI,0,PF,ARGENTINA,Masculino,84,248,69,85444
58816,C,4,230,ANALISIS,NO,NO,0,PF,ARGENTINA,Femenino,70,223,800,9386
46729,R,5,230,ANALISIS,NO,SI,1,PF,ARGENTINA,Masculino,37,108,372,88014
43188,A,8,230,ANALISIS,NO,NO,1,PF,ARGENTINA,Masculino,63,223,184,85868
46085,A,4,238,ANALISIS,NO,NO,1,PF,ARGENTINA,Femenino,37,221,302,86456
38187,R,5,231,PARAMETROS,NO,SI,0,PF,ARGENTINA,Femenino,88,223,51,84276
40907,L,2,231,CASI,NO,NO,1,PF,ARGENTINA,Femenino,34,130,56,84803
40816,C,4,101,ANALISIS,NO,NO,0,PF,ARGENTINA,Masculino,45,221,141,85157
59319,T,6,231,ANALISIS,NO,NO,0,PF,EXTRANJERO,Masculino,62,221,833,83333
37119,R,5,302,PARAMETROS,NO,NO,0,PF,ARGENTINA,Masculino,34,221,2,87135
59079,A,3,232,ANALISIS,NO,NO,1,PF,ARGENTINA,Masculino,38,46,329,86591
48793,A,4,106,PARAMETROS,NO,NO,0,PF,ARGENTINA,Masculino,50,130,424,84301
47679,A,4,205,PARAMETROS,NO,NO,0,PF,ARGENTINA,Masculino,47,130,396,86340
40781,I,3,101,ANALISIS,NO,NO,0,PF,ARGENTINA,Masculino,24,221,82,85157
49064,A,4,225,ANALISIS,NO,NO,0,PF,ARGENTINA,Masculino,35,221,448,87009
42337,G,2,201,ANALISIS,NO,NO,0,PF,ARGENTINA,Masculino,50,130,0,11905
37895,R,5,229,PARAMETROS,NO,NO,0,PF,ARGENTINA,Masculino,70,130,19,11330
61220,A,3,230,ANALISIS,NO,NO,1,PF,EXTRANJERO,Femenino,31,130,866,87819
62370,T,7,220,PARAMETROS,NO,NO,0,PF,ARGENTINA,Masculino,28,221,1022,86733
39315,R,5,201,ANALISIS,NO,NO,0,PF,ARGENTINA,Femenino,32,130,54,11397
44851,G,2,205,ANALISIS,NO,NO,0,PF,ARGENTINA,Masculino,28,221,23,87068
38690,R,5,231,PARAMETROS,NO,NO,0,PF,EXTRANJERO,Masculino,45,130,24,84276
38182,R,5,231,PARAMETROS,NO,NO,0,PF,ARGENTINA,Masculino,45,221,10,86533
61942,A,4,216,PARAMETROS,NO,NO,1,PF,ARGENTINA,Masculino,30,130,974,87910
60035,T,2,230,ANALISIS,NO,NO,0,PF,EXTRANJERO,Femenino,34,221,708,88014
50725,A,4,201,PARAMETROS,NO,NO,0,PF,ARGENTINA,Masculino,37,221,503,83113
48445,A,4,238,PARAMETROS,NO,NO,0,PF,ARGENTINA,Masculino,34,221,393,83469
48446,R,5,101,ANALISIS,NO,NO,0,PF,ARGENTINA,Masculino,42,221,391,85157
47896,A,8,101,ANALISIS,NO,NO,0,PF,ARGENTINA,Masculino,42,221,365,85157
39748,R,5,229,PARAMETROS,NO,NO,0,PF,ARGENTINA,Masculino,28,130,29,82708
38694,R,5,232,PARAMETROS,NO,SI,0,PF,ARGENTINA,Masculino,34,249,15,8175
52198,L,2,232,ANALISIS,NO,NO,1,PF,ARGENTINA,Masculino,55,46,45,86591
38845,A,4,238,ANALISIS,NO,NO,1,PF,ARGENTINA,Femenino,24,225,22,86127
43770,R,5,230,ANALISIS,NO,NO,0,PF,ARGENTINA,Femenino,34,221,216,87310
39998,A,4,216,ANALISIS,NO,NO,1,PF,ARGENTINA,Femenino,50,130,49,84155
52116,G,2,218,ANALISIS,NO,NO,0,PF,ARGENTINA,Femenino,42,223,362,85288
38842,A,4,205,ANALISIS,NO,NO,1,PF,ARGENTINA,Masculino,62,223,15,87158
59724,A,4,231,PARAMETROS,NO,NO,1,PF,EXTRANJERO,Masculino,37,234,801,85063
60653,T,7,225,ANALISIS,NO,NO,0,PF,ARGENTINA,Masculino,37,221,861,85785
49915,A,4,239,ANALISIS,NO,NO,0,PF,ARGENTINA,Masculino,35,221,454,82780
50578,B,4,231,PARAMETROS,NO,NO,0,PF,ARGENTINA,Femenino,37,130,483,87969
61381,M,2,232,ANALISIS,NO,NO,0,PF,ARGENTINA,Masculino,37,226,831,11555
43672,L,2,245,ANALISIS,NO,NO,0,PF,ARGENTINA,Masculino,30,221,141,87034
43508,L,2,216,ANALISIS,NO,NO,0,PF,EXTRANJERO,Femenino,62,130,137,85641
59807,I,4,231,ANALISIS,NO,NO,0,PF,ARGENTINA,Masculino,50,130,803,11880
51395,A,3,220,ANALISIS,NO,SI,0,PF,ARGENTINA,Masculino,35,238,348,11670
63643,A,4,216,PARAMETROS,NO,NO,0,PF,ARGENTINA,Masculino,39,221,1063,87047
39765,R,5,201,CHECKLIST,NO,NO,0,PF,ARGENTINA,Masculino,38,130,23,87188
51764,C,4,205,PARAMETROS,NO,NO,0,PF,ARGENTINA,Femenino,44,221,530,86340
40960,G,2,338,ANALISIS,NO,NO,0,PF,ARGENTINA,Masculino,32,130,39,86529
48650,T,9,218,PARAMETROS,NO,SI,0,PF,ARGENTINA,Masculino,49,234,360,87177
51557,R,4,231,ANALISIS,NO,SI,0,PF,EXTRANJERO,Masculino,35,221,470,83275
60049,L,3,230,ANALISIS,NO,NO,0,PF,ARGENTINA,Masculino,53,221,772,88014
58709,A,3,225,ANALISIS,NO,NO,1,PF,ARGENTINA,Masculino,42,221,618,85785
50230,A,4,218,PARAMETROS,NO,NO,0,PF,ARGENTINA,Masculino,38,130,442,86156
39763,R,5,238,CHECKLIST,NO,NO,0,PF,ARGENTINA,Masculino,39,221,13,85591
48536,A,4,216,PARAMETROS,NO,SI,1,PF,ARGENTINA,Masculino,37,221,360,85741
41289,T,6,216,PARAMETROS,NO,NO,0,PF,ARGENTINA,Masculino,41,92,72,86436
50379,I,8,240,ANALISIS,NO,NO,0,PF,ARGENTINA,Masculino,62,221,376,86232
42064,R,5,238,PARAMETROS,NO,SI,0,PF,ARGENTINA,Masculino,59,14,81,11272
47531,B,4,231,PARAMETROS,NO,NO,0,PF,ARGENTINA,Masculino,34,130,307,87969
40535,R,4,225,ANALISIS,NO,NO,0,PF,ARGENTINA,Masculino,31,221,16,84492
39692,C,4,205,CESVI,SI,SI,1,PF,ARGENTINA,Masculino,37,224,3,86340
49813,R,5,231,ANALISIS,NO,SI,0,PF,ARGENTINA,Masculino,52,228,361,83258
59139,A,6,205,ANALISIS,NO,NO,0,PF,ARGENTINA,Masculino,28,221,708,86078
40139,R,5,229,PARAMETROS,NO,NO,0,PF,ARGENTINA,Femenino,47,130,0,11184
41293,G,2,225,ANALISIS,NO,NO,0,PF,EXTRANJERO,Masculino,27,130,34,84305
43668,L,2,245,ANALISIS,NO,NO,0,PF,ARGENTINA,Femenino,48,130,123,87883
41363,I,3,205,ANALISIS,NO,NO,0,PF,ARGENTINA,Masculino,62,221,31,87742
48563,A,4,242,PARAMETROS,NO,NO,0,PF,EXTRANJERO,Femenino,40,221,340,86392
47806,A,4,205,ANALISIS,NO,NO,0,PF,ARGENTINA,Masculino,32,221,300,87158
44612,R,5,230,CESVI,SI,SI,1,PF,ARGENTINA,Masculino,57,228,180,87694
49569,C,4,231,PARAMETROS,NO,NO,0,PF,EXTRANJERO,Masculino,52,130,377,83333
46963,T,9,101,ANALISIS,NO,NO,0,PF,ARGENTINA,Masculino,41,221,75,85157
52867,G,2,246,ANALISIS,NO,NO,0,PF,ARGENTINA,Masculino,42,226,414,87068
51599,C,4,229,PARAMETROS,NO,NO,0,PF,ARGENTINA,Masculino,44,226,459,84257
58213,B,4,231,PARAMETROS,NO,NO,0,PF,ARGENTINA,Masculino,28,221,576,83931
59006,R,5,338,ANALISIS,NO,NO,0,PF,ARGENTINA,Femenino,72,223,662,85906
53130,A,4,338,ANALISIS,NO,NO,0,PF,ARGENTINA,Femenino,37,218,290,88214
41499,R,5,232,ANALISIS,NO,SI,0,PF,ARGENTINA,Masculino,48,46,3,84064
58216,A,3,388,ANALISIS,NO,NO,1,PF,ARGENTINA,Femenino,24,149,495,8819727
52217,A,4,238,PARAMETROS,NO,NO,0,PF,ARGENTINA,Masculino,39,221,443,88979
49242,A,3,246,ANALISIS,NO,NO,1,PF,EXTRANJERO,Masculino,32,130,196,87111
59083,A,3,246,ANALISIS,NO,NO,1,PF,EXTRANJERO,Masculino,32,130,196,87111
48867,A,4,231,PARAMETROS,NO,NO,0,PF,ARGENTINA,Masculino,45,221,302,86524
58903,R,5,101,ANALISIS,NO,NO,0,PF,ARGENTINA,Femenino,50,106,607,87509
53250,A,4,201,ANALISIS,NO,NO,1,PF,ARGENTINA,Masculino,24,46,504,89997
51310,A,4,231,PARAMETROS,NO,NO,1,PF,ARGENTINA,Femenino,33,130,418,83696
46711,R,5,201,CESVI,SI,NO,0,PF,EXTRANJERO,Masculino,37,130,216,11905
45492,A,3,231,ANALISIS,NO,NO,1,PF,ARGENTINA,Masculino,44,221,120,9198
46406,R,4,220,ANALISIS,NO,NO,1,PF,ARGENTINA,Femenino,47,130,116,85995
50852,B,4,240,PARAMETROS,NO,NO,1,PF,EXTRANJERO,Masculino,52,221,396,84447
41612,R,5,232,PARAMETROS,NO,NO,0,PF,ARGENTINA,Femenino,34,130,0,6541
49305,A,4,216,PARAMETROS,NO,NO,1,PF,ARGENTINA,Masculino,30,130,310,85641
62470,A,4,205,PARAMETROS,NO,NO,1,PF,ARGENTINA,Masculino,32,221,876,87158
62243,A,4,218,PARAMETROS,NO,NO,0,PF,ARGENTINA,Masculino,37,221,871,12071
50036,R,5,230,PARAMETROS,NO,SI,0,PF,ARGENTINA,Masculino,42,226,317,12232
52550,A,8,378,ANALISIS,NO,NO,0,PF,ARGENTINA,Masculino,50,221,440,87148
58468,B,3,101,ANALISIS,NO,NO,1,PF,ARGENTINA,Masculino,32,106,517,87509
63065,A,4,238,ANALISIS,NO,NO,0,PF,ARGENTINA,Femenino,41,221,915,83973
61626,I,4,388,ANALISIS,NO,NO,0,PF,ARGENTINA,Masculino,52,3,823,8819727
47844,B,4,231,PARAMETROS,NO,NO,0,PF,ARGENTINA,Masculino,41,234,244,86524
53235,A,4,216,ANALISIS,NO,NO,0,PF,ARGENTINA,Femenino,35,221,512,86702
51782,R,5,101,ANALISIS,NO,NO,0,PF,ARGENTINA,Femenino,53,130,395,87509
50709,B,3,216,ANALISIS,NO,NO,0,PF,ARGENTINA,Masculino,34,221,320,86702
42527,G,2,238,CESVI,SI,NO,0,PF,ARGENTINA,Masculino,67,43,17,86968
64452,A,4,216,PARAMETROS,NO,NO,0,PF,ARGENTINA,Masculino,28,221,985,11643
63828,R,5,230,PARAMETROS,NO,NO,0,PF,ARGENTINA,Masculino,63,221,956,83081
46333,R,5,231,ANALISIS,NO,NO,0,PF,ARGENTINA,Femenino,30,46,174,86788
47409,R,5,218,ANALISIS,NO,SI,0,PF,ARGENTINA,Masculino,23,130,186,87233
59585,A,4,238,PARAMETROS,NO,NO,1,PF,ARGENTINA,Masculino,42,226,634,83469
50261,G,2,238,ANALISIS,NO,NO,0,PF,ARGENTINA,Femenino,38,29,175,87937
51077,R,5,101,ANALISIS,NO,NO,1,PF,ARGENTINA,Masculino,50,54,352,12310
42875,R,5,220,ANALISIS,NO,NO,0,PF,ARGENTINA,Masculino,26,51,26,87709
48405,A,4,230,PARAMETROS,NO,NO,1,PF,ARGENTINA,Femenino,86,223,248,10036
60729,A,4,231,ANALISIS,NO,NO,0,PF,ARGENTINA,Masculino,31,130,681,83274
47981,L,2,216,ANALISIS,NO,NO,1,PF,ARGENTINA,Masculino,41,221,65,7309
46551,R,5,216,ANALISIS,NO,NO,0,PF,ARGENTINA,Femenino,44,130,161,88426
62058,A,3,246,ANALISIS,NO,NO,0,PF,ARGENTINA,Femenino,85,0,786,87068
61744,C,3,246,CESVI,SI,NO,0,PF,ARGENTINA,Femenino,85,0,793,87068
46797,R,5,246,ANALISIS,NO,NO,0,PF,ARGENTINA,Masculino,47,15,147,87068
63272,A,4,246,PARAMETROS,NO,NO,1,PF,ARGENTINA,Masculino,31,221,891,87068
47278,A,4,231,PARAMETROS,NO,NO,0,PF,ARGENTINA,Masculino,28,221,181,83594
49320,G,2,232,ANALISIS,NO,NO,1,PF,ARGENTINA,Femenino,37,226,161,6552
49717,A,3,231,ANALISIS,NO,NO,1,PF,ARGENTINA,Masculino,45,221,225,83826
43480,C,3,218,CESVI,SI,NO,1,PF,ARGENTINA,Masculino,47,130,33,87177
43369,R,5,220,ANALISIS,NO,NO,0,PF,ARGENTINA,Masculino,28,234,25,86487
50811,B,3,388,ANALISIS,NO,NO,0,PF,ARGENTINA,Masculino,39,46,292,8819727
50444,T,9,225,ANALISIS,NO,NO,0,PF,ARGENTINA,Masculino,32,130,299,85785
61040,A,4,230,PARAMETROS,NO,NO,1,PF,ARGENTINA,Masculino,39,249,724,86706
59190,C,8,232,PARAMETROS,NO,NO,1,PF,ARGENTINA,Masculino,41,226,571,87582
60416,A,4,201,ANALISIS,NO,NO,1,PF,ARGENTINA,Masculino,35,130,677,88613
60502,A,4,231,ANALISIS,NO,NO,1,PF,ARGENTINA,Masculino,42,130,617,87969
60737,L,2,246,ANALISIS,NO,NO,0,PF,ARGENTINA,Masculino,30,221,600,87068
52297,A,4,218,PARAMETROS,NO,SI,0,PF,ARGENTINA,Masculino,39,130,381,12324
50704,R,5,232,PARAMETROS,NO,SI,0,PF,ARGENTINA,Femenino,35,130,291,11555
46553,R,5,216,PARAMETROS,NO,NO,0,PF,ARGENTINA,Masculino,47,130,60,88426
47655,R,5,201,PARAMETROS,NO,NO,1,PF,ARGENTINA,Masculino,42,130,137,85477
61185,I,4,230,ANALISIS,NO,NO,0,PF,ARGENTINA,Masculino,64,130,711,11291
51368,A,3,232,CONTACTO,NO,NO,1,PF,EXTRANJERO,Masculino,33,116,169,86591
50023,A,4,229,PARAMETROS,NO,SI,0,PF,ARGENTINA,Masculino,57,214,251,10319
44305,R,5,201,PARAMETROS,NO,NO,0,PF,ARGENTINA,Femenino,30,221,5,86988
59982,R,5,216,PARAMETROS,NO,NO,1,PF,ARGENTINA,Femenino,24,130,604,87511
64141,R,5,397,PARAMETROS,NO,NO,0,PF,ARGENTINA,Masculino,42,20,873,84569
60822,A,4,229,ANALISIS,NO,SI,0,PF,ARGENTINA,Femenino,35,221,664,11131
64311,A,4,238,PARAMETROS,NO,NO,0,PF,ARGENTINA,Masculino,37,221,895,86602
58197,L,2,220,ANALISIS,NO,NO,0,PF,ARGENTINA,Masculino,42,221,357,85713
51784,R,5,101,ANALISIS,NO,NO,0,PF,ARGENTINA,Masculino,84,226,314,87509
51783,R,4,101,ANALISIS,NO,NO,0,PF,ARGENTINA,Masculino,84,226,312,87509
48444,R,4,244,PARAMETROS,NO,NO,0,PF,ARGENTINA,Masculino,57,221,150,6486
58890,A,3,216,ANALISIS,NO,NO,0,PF,ARGENTINA,Masculino,45,221,319,8072
47625,G,2,209,ANALISIS,NO,NO,0,PF,ARGENTINA,Masculino,50,130,77,87176
63991,A,3,231,PARAMETROS,NO,NO,0,PF,ARGENTINA,Masculino,65,221,510,86980
48129,T,7,216,PARAMETROS,NO,NO,0,PF,ARGENTINA,Femenino,34,221,140,6485
50592,I,4,231,PARAMETROS,NO,SI,0,PF,ARGENTINA,Masculino,27,249,243,87631
58456,A,3,216,ANALISIS,NO,NO,1,PF,ARGENTINA,Masculino,84,130,436,11169
53102,R,5,216,PARAMETROS,NO,NO,0,PF,ARGENTINA,Masculino,23,130,354,87909
47650,A,3,231,ANALISIS,NO,NO,1,PF,ARGENTINA,Masculino,47,238,91,83826
60419,I,4,218,ANALISIS,NO,SI,0,PF,ARGENTINA,Masculino,34,226,610,89589
59178,I,4,216,PARAMETROS,NO,NO,0,PF,ARGENTINA,Masculino,26,221,514,12035
51503,B,4,201,PARAMETROS,NO,SI,0,PF,ARGENTINA,Masculino,34,249,276,85090
61570,A,4,245,ANALISIS,NO,NO,1,PF,ARGENTINA,Masculino,30,221,683,90434
61606,A,4,238,ANALISIS,NO,NO,1,PF,ARGENTINA,Masculino,39,226,678,83973
60312,B,4,231,ANALISIS,NO,NO,0,PF,ARGENTINA,Masculino,38,226,595,88766
50265,G,2,216,ANALISIS,NO,NO,0,PF,ARGENTINA,Masculino,31,130,144,88426
48420,R,5,218,PARAMETROS,NO,NO,0,PF,ARGENTINA,Masculino,48,130,117,9730
52482,G,2,201,ANALISIS,NO,NO,1,PF,ARGENTINA,Masculino,65,226,258,88613
61605,R,5,230,PARAMETROS,NO,NO,0,PF,ARGENTINA,Masculino,42,221,670,90050
48978,B,4,201,PARAMETROS,NO,SI,0,PF,ARGENTINA,Masculino,47,54,148,88165
47695,T,6,246,ANALISIS,NO,NO,0,PF,ARGENTINA,Masculino,21,70,91,87111
61607,A,4,231,ANALISIS,NO,NO,0,PF,ARGENTINA,Masculino,38,221,678,84803
53224,A,4,201,PARAMETROS,NO,NO,1,PF,ARGENTINA,Femenino,25,130,357,10902
60799,A,4,230,ANALISIS,NO,NO,1,PF,EXTRANJERO,Masculino,48,82,617,84862
51797,C,4,246,PARAMETROS,NO,NO,0,PF,ARGENTINA,Femenino,42,221,284,87111
49264,G,3,232,ANALISIS,NO,NO,0,PF,ARGENTINA,Femenino,32,221,57,86591
58399,A,4,231,PARAMETROS,NO,NO,1,PF,EXTRANJERO,Masculino,28,130,396,11880
47889,R,5,101,PARAMETROS,NO,NO,0,PF,ARGENTINA,Femenino,32,221,75,87509
62992,A,4,216,ANALISIS,NO,NO,0,PF,ARGENTINA,Masculino,32,221,754,7752
50054,C,4,246,PARAMETROS,NO,NO,0,PF,ARGENTINA,Masculino,42,0,182,87111
60896,R,5,229,ANALISIS,NO,NO,0,PF,ARGENTINA,Femenino,35,221,541,85636
52917,G,3,232,ANALISIS,NO,NO,0,PF,ARGENTINA,Masculino,63,46,223,86591
59090,G,2,232,ANALISIS,NO,NO,0,PF,ARGENTINA,Masculino,63,46,223,86591
50708,R,5,232,PARAMETROS,NO,SI,0,PF,ARGENTINA,Masculino,47,24,182,8175
58217,R,5,238,PARAMETROS,NO,NO,0,PF,ARGENTINA,Femenino,37,226,365,83469
58826,T,3,238,ANALISIS,NO,NO,0,PF,ARGENTINA,Femenino,34,221,379,86063
51192,A,4,201,PARAMETROS,NO,NO,1,PF,ARGENTINA,Masculino,30,221,234,87546
62977,R,5,119,ANALISIS,NO,NO,0,PF,ARGENTINA,Masculino,65,226,732,87370
58873,I,4,231,ANALISIS,NO,NO,0,PF,ARGENTINA,Masculino,48,30,400,88063
59761,A,8,205,ANALISIS,NO,SI,0,PF,ARGENTINA,Masculino,50,228,459,87163
59092,C,4,218,ANALISIS,NO,NO,1,PF,ARGENTINA,Masculino,34,221,304,89452
50979,A,3,232,ANALISIS,NO,NO,1,PF,ARGENTINA,Masculino,24,46,124,86591
62479,A,3,232,ANALISIS,NO,NO,1,PF,ARGENTINA,Masculino,24,46,124,86591
59463,R,4,216,PARAMETROS,NO,NO,0,PF,ARGENTINA,Masculino,28,221,500,87560
63450,B,4,201,ANALISIS,NO,NO,0,PF,ARGENTINA,Masculino,44,221,765,90026
50445,B,4,218,PARAMETROS,NO,NO,0,PF,ARGENTINA,Masculino,31,130,166,87227
53075,A,4,218,PARAMETROS,NO,NO,1,PF,ARGENTINA,Masculino,48,106,318,10774
59142,I,4,230,PARAMETROS,NO,SI,0,PF,ARGENTINA,Masculino,50,226,459,88014
47906,A,4,231,PARAMETROS,NO,NO,1,PF,ARGENTINA,Masculino,25,46,57,86278
48306,B,4,231,PARAMETROS,NO,SI,0,PF,ARGENTINA,Masculino,26,130,75,11893
50712,B,4,230,PARAMETROS,NO,NO,0,PF,ARGENTINA,Masculino,27,221,177,83251
47320,L,2,232,CESVI,SI,SI,0,PF,ARGENTINA,Masculino,35,221,18,86591
59135,C,4,230,PARAMETROS,NO,NO,0,PF,ARGENTINA,Masculino,35,221,442,11693
49260,T,9,245,PARAMETROS,NO,NO,1,PF,ARGENTINA,Masculino,55,246,100,87881
59091,A,3,232,ANALISIS,NO,SI,1,PF,ARGENTINA,Masculino,50,46,8,86591
61827,A,4,231,PARAMETROS,NO,NO,1,PF,ARGENTINA,Masculino,52,46,632,89723
52817,A,3,232,ANALISIS,NO,NO,1,PF,EXTRANJERO,Masculino,40,46,222,86591
59077,A,3,232,ANALISIS,NO,NO,1,PF,EXTRANJERO,Masculino,40,46,222,86591
52202,C,4,216,PARAMETROS,NO,SI,0,PF,ARGENTINA,Masculino,50,242,249,86702
60042,G,2,231,ANALISIS,NO,NO,0,PF,ARGENTINA,Femenino,38,130,442,86357
52910,G,2,232,ANALISIS,NO,NO,0,PF,EXTRANJERO,Masculino,36,46,25,86591
58654,A,4,205,PARAMETROS,NO,NO,0,PF,ARGENTINA,Masculino,30,130,383,85306
58655,A,4,205,PARAMETROS,NO,NO,0,PF,ARGENTINA,Masculino,30,130,386,85306
58969,A,4,205,PARAMETROS,NO,NO,0,PF,ARGENTINA,Masculino,30,130,388,85306
50775,L,2,232,ANALISIS,NO,NO,1,PF,ARGENTINA,Femenino,45,46,82,86591
63778,L,2,232,ANALISIS,NO,NO,1,PF,ARGENTINA,Femenino,45,46,82,86591
59106,C,4,216,PARAMETROS,NO,NO,0,PF,ARGENTINA,Masculino,34,83,425,86510
59022,B,4,231,PARAMETROS,NO,NO,0,PF,ARGENTINA,Femenino,31,130,413,88052
59009,L,2,246,ANALISIS,NO,NO,0,PF,ARGENTINA,Femenino,32,251,392,87111
51469,R,5,225,ANALISIS,NO,NO,0,PF,ARGENTINA,Femenino,48,130,198,84305
64312,A,4,231,PARAMETROS,NO,NO,0,PF,ARGENTINA,Femenino,57,130,774,87969
51393,G,2,231,ANALISIS,NO,NO,1,PF,ARGENTINA,Masculino,55,46,37,88701
59074,G,2,232,ANALISIS,NO,NO,1,PF,ARGENTINA,Masculino,55,46,19,86591
50705,R,5,230,PARAMETROS,NO,SI,0,PF,ARGENTINA,Femenino,23,222,130,85868
61789,A,4,246,PARAMETROS,NO,NO,1,PF,EXTRANJERO,Masculino,33,130,612,87068
49934,C,4,230,PARAMETROS,NO,NO,0,PF,ARGENTINA,Masculino,45,130,112,83896
59467,A,4,218,PARAMETROS,NO,NO,1,PF,ARGENTINA,Femenino,44,221,446,87942
59026,A,8,238,PARAMETROS,NO,NO,1,PF,ARGENTINA,Masculino,41,130,400,87040
48425,C,5,201,ANALISIS,NO,NO,0,PF,ARGENTINA,Masculino,60,223,40,85127
47904,R,5,229,PARAMETROS,NO,SI,0,PF,ARGENTINA,Masculino,67,130,0,84257
51610,A,3,218,ANALISIS,NO,NO,1,PF,ARGENTINA,Femenino,44,130,136,84610
59082,A,3,232,ANALISIS,NO,NO,1,PF,EXTRANJERO,Masculino,28,46,69,86591
49205,B,3,225,PARAMETROS,NO,NO,0,PF,ARGENTINA,Femenino,41,130,70,84457
49528,T,3,231,PARAMETROS,NO,NO,0,PF,ARGENTINA,Masculino,64,239,16,84686
52911,L,2,232,ANALISIS,NO,NO,1,PF,ARGENTINA,Masculino,50,54,12,86591
59073,L,2,232,ANALISIS,NO,NO,1,PF,ARGENTINA,Masculino,50,54,12,86591
63463,A,4,230,ANALISIS,NO,NO,1,PF,ARGENTINA,Femenino,30,221,710,88014
62686,R,5,229,PARAMETROS,NO,NO,0,PF,ARGENTINA,Femenino,35,221,651,84257
51130,C,4,231,PARAMETROS,NO,NO,0,PF,ARGENTINA,Masculino,31,221,160,86357
59841,A,4,205,PARAMETROS,NO,NO,1,PF,ARGENTINA,Masculino,45,221,432,87158
60163,B,4,238,ANALISIS,NO,NO,1,PF,ARGENTINA,Masculino,56,234,449,11272
58209,A,4,230,ANALISIS,NO,NO,0,PF,ARGENTINA,Masculino,32,221,296,11291
63516,B,4,218,PARAMETROS,NO,NO,0,PF,ARGENTINA,Masculino,52,130,700,90935
49567,A,4,216,PARAMETROS,NO,NO,1,PF,ARGENTINA,Masculino,32,130,66,88452
52449,T,3,229,ANALISIS,NO,SI,0,PF,ARGENTINA,Femenino,84,130,63,11021
51505,B,4,201,PARAMETROS,NO,NO,0,PF,ARGENTINA,Femenino,37,228,149,12177
52668,A,4,241,ANALISIS,NO,NO,1,PF,EXTRANJERO,Masculino,30,130,169,85176
58194,R,5,238,PARAMETROS,NO,NO,0,PF,ARGENTINA,Femenino,48,226,262,83469
58439,A,3,229,ANALISIS,NO,NO,1,PF,EXTRANJERO,Masculino,80,130,296,11330
55879,A,4,231,PARAMETROS,NO,NO,1,PF,ARGENTINA,Femenino,65,130,260,86278
52942,A,8,246,ANALISIS,NO,NO,0,PF,ARGENTINA,Masculino,47,130,172,8407
63581,A,4,243,ANALISIS,NO,NO,0,PF,ARGENTINA,Masculino,27,215,691,11970
51758,B,4,231,PARAMETROS,NO,NO,0,PF,ARGENTINA,Masculino,34,221,157,86276
52134,G,2,232,ANALISIS,NO,NO,0,PF,EXTRANJERO,Masculino,37,46,123,86591
51326,A,4,216,ANALISIS,NO,SI,1,PF,ARGENTINA,Masculino,35,251,132,89133
61060,A,4,218,ANALISIS,NO,NO,0,PF,ARGENTINA,Masculino,26,130,516,87227
58153,A,4,201,PARAMETROS,NO,NO,0,PF,ARGENTINA,Masculino,19,130,259,88540
50466,A,3,247,ANALISIS,NO,NO,1,PF,ARGENTINA,Masculino,45,249,41,88299
51645,A,3,247,ANALISIS,NO,NO,1,PF,ARGENTINA,Masculino,45,249,138,88299
50465,A,8,247,ANALISIS,NO,NO,1,PF,ARGENTINA,Masculino,45,249,44,88299
49309,B,4,220,PARAMETROS,NO,SI,0,PF,ARGENTINA,Masculino,33,221,37,85142
60179,I,4,230,ANALISIS,NO,NO,0,PF,ARGENTINA,Femenino,37,226,454,85460
52250,B,3,246,ANALISIS,NO,NO,0,PF,ARGENTINA,Masculino,62,23,167,8407
50621,L,4,216,PARAMETROS,NO,NO,0,PF,ARGENTINA,Femenino,65,225,98,86702
52499,A,8,201,ANALISIS,NO,NO,0,PF,ARGENTINA,Masculino,35,130,192,83113
58289,T,6,231,PARAMETROS,NO,NO,0,PF,ARGENTINA,Masculino,35,130,282,88052
51471,A,4,218,PARAMETROS,NO,NO,0,PF,ARGENTINA,Femenino,28,130,133,86498
61379,C,5,229,ANALISIS,NO,SI,0,PF,EXTRANJERO,Masculino,54,23,514,84257
50194,A,4,201,PARAMETROS,NO,NO,0,PF,ARGENTINA,Masculino,32,130,66,88613
50531,A,4,230,PARAMETROS,NO,NO,0,PF,ARGENTINA,Masculino,55,51,73,6648
58382,A,4,218,PARAMETROS,NO,NO,0,PF,ARGENTINA,Femenino,47,130,277,83537
50380,A,4,233,PARAMETROS,NO,NO,1,PF,ARGENTINA,Femenino,44,226,72,86617
51399,A,4,240,PARAMETROS,NO,NO,1,PF,ARGENTINA,Femenino,38,221,109,88268
58940,A,3,225,ANALISIS,NO,NO,1,PF,ARGENTINA,Masculino,38,130,330,85785
62045,A,4,218,PARAMETROS,NO,NO,0,PF,EXTRANJERO,Masculino,52,221,565,87942
53203,A,4,231,ANALISIS,NO,NO,0,PF,ARGENTINA,Masculino,34,130,177,83758
53085,A,4,231,PARAMETROS,NO,NO,0,PF,ARGENTINA,Masculino,34,130,205,83758
50267,R,5,231,PARAMETROS,NO,SI,0,PF,ARGENTINA,Femenino,50,221,50,89503
53120,A,4,238,PARAMETROS,NO,NO,1,PF,ARGENTINA,Masculino,41,130,208,86371
53072,A,8,201,PARAMETROS,NO,NO,0,PF,EXTRANJERO,Masculino,37,130,193,11905
52958,B,4,231,ANALISIS,NO,NO,0,PF,ARGENTINA,Femenino,38,46,179,88699
60731,A,3,201,ANALISIS,NO,NO,0,PF,EXTRANJERO,Masculino,76,223,368,86935
62265,L,2,218,ANALISIS,NO,NO,1,PF,ARGENTINA,Masculino,76,223,224,85581
63675,L,2,218,ANALISIS,NO,NO,1,PF,ARGENTINA,Masculino,76,223,224,85581
58716,B,4,225,ANALISIS,NO,NO,0,PF,ARGENTINA,Masculino,30,221,294,88442
50581,A,4,230,PARAMETROS,NO,NO,0,PF,ARGENTINA,Femenino,35,221,63,88767
52787,C,4,205,PARAMETROS,NO,NO,0,PF,ARGENTINA,Masculino,52,46,174,87158
58665,B,4,201,PARAMETROS,NO,NO,0,PF,ARGENTINA,Masculino,44,130,275,88433
52498,L,2,238,ANALISIS,NO,NO,0,PF,ARGENTINA,Masculino,47,221,84,88718
58182,A,4,231,PARAMETROS,NO,NO,0,PF,ARGENTINA,Masculino,42,46,227,88699
58584,A,4,238,PARAMETROS,NO,NO,1,PF,ARGENTINA,Masculino,50,221,272,85922
60021,B,4,225,ANALISIS,NO,NO,0,PF,ARGENTINA,Masculino,60,221,398,86715
61017,A,4,231,PARAMETROS,NO,NO,1,PF,ARGENTINA,Femenino,63,130,458,84410
50713,R,5,205,ANALISIS,NO,NO,0,PF,ARGENTINA,Masculino,44,221,49,87158
61588,A,4,230,ANALISIS,NO,NO,1,PF,ARGENTINA,Masculino,35,221,505,88027
59089,A,3,232,ANALISIS,NO,NO,1,PF,ARGENTINA,Femenino,37,46,44,86591
64446,A,4,216,PARAMETROS,NO,NO,0,PF,ARGENTINA,Femenino,35,249,679,87910
59263,A,4,229,PARAMETROS,NO,NO,1,PF,ARGENTINA,Masculino,30,221,317,11184
50809,B,4,220,PARAMETROS,NO,NO,0,PF,EXTRANJERO,Masculino,32,130,42,89011
51036,A,8,101,ANALISIS,NO,NO,1,PF,ARGENTINA,Masculino,50,13,42,88156
59872,A,4,230,PARAMETROS,NO,NO,0,PF,ARGENTINA,Masculino,65,226,363,88014
53192,B,4,231,ANALISIS,NO,NO,0,PF,ARGENTINA,Masculino,57,226,171,86808
61764,B,4,246,PARAMETROS,NO,NO,0,PF,ARGENTINA,Masculino,26,221,494,87068
62929,A,4,229,ANALISIS,NO,NO,1,PF,EXTRANJERO,Masculino,29,130,563,10025
58846,A,3,216,ANALISIS,NO,NO,1,PF,ARGENTINA,Femenino,47,221,224,7251
60230,I,4,201,ANALISIS,NO,NO,0,PF,ARGENTINA,Masculino,31,130,388,87094
59081,A,3,232,ANALISIS,NO,NO,1,PF,ARGENTINA,Masculino,32,221,28,86591
60216,I,4,231,ANALISIS,NO,NO,0,PF,ARGENTINA,Masculino,33,221,371,88767
51267,A,4,218,ANALISIS,NO,SI,1,PF,ARGENTINA,Masculino,35,130,42,89589
61964,T,3,216,ANALISIS,NO,SI,1,PF,ARGENTINA,Masculino,47,130,80,86702
52695,B,4,230,PARAMETROS,NO,NO,0,PF,ARGENTINA,Femenino,42,130,119,85507
50753,B,4,201,PARAMETROS,NO,SI,0,PF,ARGENTINA,Femenino,26,221,13,11911
50754,A,4,201,PARAMETROS,NO,SI,0,PF,ARGENTINA,Femenino,26,221,14,11911
62671,A,4,220,PARAMETROS,NO,NO,0,PF,ARGENTINA,Masculino,47,234,525,83422
58908,A,3,225,ANALISIS,NO,NO,1,PF,ARGENTINA,Masculino,24,130,162,85785
60671,A,4,216,ANALISIS,NO,NO,0,PF,ARGENTINA,Masculino,42,241,397,84073
50714,R,5,201,PARAMETROS,NO,NO,0,PF,ARGENTINA,Femenino,42,221,1,11905
60498,A,8,201,ANALISIS,NO,NO,1,PF,ARGENTINA,Femenino,65,221,354,82639
52617,A,4,230,PARAMETROS,NO,NO,1,PF,ARGENTINA,Masculino,36,130,106,84815
60636,A,4,216,ANALISIS,NO,NO,1,PF,ARGENTINA,Masculino,36,130,388,89799
51796,A,4,231,PARAMETROS,NO,NO,1,PF,ARGENTINA,Masculino,30,221,57,86451
52549,A,8,378,ANALISIS,NO,NO,0,PF,ARGENTINA,Masculino,35,221,68,7800016
52870,L,2,232,ANALISIS,NO,NO,1,PF,ARGENTINA,Masculino,30,221,56,86591
59072,L,2,232,ANALISIS,NO,NO,1,PF,ARGENTINA,Masculino,30,221,56,86591
60614,C,4,232,ANALISIS,NO,NO,0,PF,ARGENTINA,Femenino,46,221,362,11555
59584,C,4,238,PARAMETROS,NO,NO,0,PF,ARGENTINA,Masculino,30,221,301,83973
63325,A,4,201,PARAMETROS,NO,NO,1,PF,ARGENTINA,Masculino,34,221,529,11905
58753,A,4,230,PARAMETROS,NO,NO,0,PF,ARGENTINA,Masculino,30,221,235,85868
58520,A,4,218,PARAMETROS,NO,NO,0,PF,ARGENTINA,Masculino,38,135,208,87400
53183,A,4,238,PARAMETROS,NO,NO,1,PF,ARGENTINA,Masculino,34,23,137,11272
53022,A,4,230,PARAMETROS,NO,NO,1,PF,ARGENTINA,Femenino,34,249,120,85468
59666,R,5,246,PARAMETROS,NO,NO,0,PF,ARGENTINA,Masculino,28,221,302,87068
51330,T,3,225,ANALISIS,NO,NO,0,PF,ARGENTINA,Masculino,30,221,25,82678
60404,B,4,209,ANALISIS,NO,NO,0,PF,ARGENTINA,Masculino,27,228,318,12097
52620,B,4,218,ANALISIS,NO,NO,0,PF,ARGENTINA,Masculino,30,221,75,87227
58183,R,4,229,PARAMETROS,NO,SI,1,PF,ARGENTINA,Masculino,44,130,21,11915
52477,A,4,231,ANALISIS,NO,NO,0,PF,ARGENTINA,Masculino,35,221,64,89428
51517,I,6,245,CHECKLIST,NO,NO,0,PF,ARGENTINA,Masculino,62,247,18,86124
60040,R,5,231,ANALISIS,NO,NO,1,PF,ARGENTINA,Masculino,52,221,300,83295
58484,C,3,238,ANALISIS,NO,NO,0,PF,ARGENTINA,Masculino,37,226,109,83973
63961,A,4,231,ANALISIS,NO,NO,1,PF,ARGENTINA,Masculino,37,46,570,89723
62696,A,4,205,PARAMETROS,NO,NO,0,PF,ARGENTINA,Masculino,28,130,484,90471
58219,A,4,209,PARAMETROS,NO,NO,0,PF,ARGENTINA,Masculino,49,130,144,11683
58728,A,4,239,ANALISIS,NO,NO,1,PF,ARGENTINA,Masculino,26,130,193,89592
60554,T,3,246,ANALISIS,NO,NO,1,PF,ARGENTINA,Masculino,50,221,223,87111
63231,R,5,246,ANALISIS,NO,NO,0,PF,ARGENTINA,Femenino,37,221,506,87111
61286,G,2,230,ANALISIS,NO,NO,0,PF,ARGENTINA,Masculino,34,221,253,85868
53201,A,4,231,PARAMETROS,NO,NO,0,PF,ARGENTINA,Femenino,58,46,91,89724
62668,A,4,231,PARAMETROS,NO,NO,0,PF,ARGENTINA,Femenino,42,130,478,83258
52522,A,4,245,PARAMETROS,NO,NO,0,PF,ARGENTINA,Masculino,39,221,47,85560
62277,A,4,201,PARAMETROS,NO,NO,0,PF,ARGENTINA,Masculino,32,221,445,88613
60736,C,8,201,ANALISIS,NO,NO,0,PF,ARGENTINA,Femenino,35,130,326,87003
58729,I,3,231,ANALISIS,NO,NO,1,PF,ARGENTINA,Femenino,50,226,145,88638
59304,A,3,246,ANALISIS,NO,NO,0,PF,ARGENTINA,Femenino,42,221,228,87111
59302,A,3,246,ANALISIS,NO,NO,0,PF,ARGENTINA,Femenino,42,221,226,87111
59303,A,3,246,ANALISIS,NO,NO,0,PF,ARGENTINA,Femenino,42,221,226,87111
58304,R,5,216,PARAMETROS,NO,SI,0,PF,EXTRANJERO,Masculino,41,130,118,12197
64196,R,5,205,PARAMETROS,NO,NO,0,PF,ARGENTINA,Masculino,45,221,550,90983
58695,G,2,231,ANALISIS,NO,NO,1,PF,ARGENTINA,Masculino,59,107,8,87969
58440,A,3,216,ANALISIS,NO,NO,1,PF,ARGENTINA,Masculino,38,221,121,87179
59366,A,8,216,ANALISIS,NO,NO,1,PF,ARGENTINA,Masculino,38,221,208,87179
52609,A,3,216,ANALISIS,NO,NO,1,PF,ARGENTINA,Masculino,70,66,20,85677
61279,A,4,231,ANALISIS,NO,NO,0,PF,ARGENTINA,Masculino,30,130,352,89003
52278,A,3,245,ANALISIS,NO,NO,1,PF,ARGENTINA,Masculino,37,221,2,87889
58237,R,5,101,PARAMETROS,NO,NO,0,PF,ARGENTINA,Femenino,53,130,83,89900
58962,B,3,216,ANALISIS,NO,NO,0,PF,ARGENTINA,Masculino,67,221,136,89302
59385,R,5,231,CESVI,SI,NO,0,PF,ARGENTINA,Femenino,27,130,194,89428
58381,R,4,231,PARAMETROS,NO,NO,0,PF,ARGENTINA,Femenino,27,130,87,83931
58208,R,5,225,ANALISIS,NO,NO,0,PF,ARGENTINA,Masculino,35,221,53,86715
60257,C,4,231,ANALISIS,NO,NO,0,PF,ARGENTINA,Masculino,31,226,251,87969
64299,A,4,216,PARAMETROS,NO,NO,0,PF,ARGENTINA,Masculino,34,221,509,82823
53118,R,5,231,PARAMETROS,NO,NO,0,PF,ARGENTINA,Femenino,47,130,11,89735
62790,L,2,246,ANALISIS,NO,NO,0,PF,ARGENTINA,Masculino,30,0,311,87111
58738,A,4,218,PARAMETROS,NO,NO,0,PF,ARGENTINA,Femenino,38,221,123,87400
59347,A,3,225,ANALISIS,NO,NO,0,PF,ARGENTINA,Femenino,86,130,18,85800
59348,A,3,225,ANALISIS,NO,NO,0,PF,ARGENTINA,Femenino,86,130,96,85800
59711,A,4,201,PARAMETROS,NO,NO,0,PF,ARGENTINA,Femenino,56,221,199,87293
58578,B,4,216,ANALISIS,NO,NO,0,PF,ARGENTINA,Femenino,34,221,94,7505
61721,A,4,201,ANALISIS,NO,NO,0,PF,ARGENTINA,Masculino,65,138,341,85790
58915,A,4,201,PARAMETROS,NO,NO,1,PF,ARGENTINA,Femenino,48,225,126,89551
58385,A,4,229,PARAMETROS,NO,NO,0,PF,ARGENTINA,Masculino,32,221,75,84257
59632,A,4,230,PARAMETROS,NO,NO,1,PF,ARGENTINA,Masculino,34,221,175,86907
58212,R,4,238,ANALISIS,NO,NO,0,PF,ARGENTINA,Masculino,84,138,11,12214
60399,A,4,231,ANALISIS,NO,NO,1,PF,ARGENTINA,Masculino,38,130,239,89733
58818,R,5,209,ANALISIS,NO,NO,1,PF,ARGENTINA,Femenino,32,130,101,89753
59806,A,4,231,ANALISIS,NO,NO,1,PF,ARGENTINA,Femenino,63,221,193,89003
63427,L,2,241,ANALISIS,NO,NO,1,PF,ARGENTINA,Femenino,32,221,265,85179
61054,R,5,218,ANALISIS,NO,NO,0,PF,ARGENTINA,Masculino,44,130,246,88928
60289,A,4,238,ANALISIS,NO,NO,0,PF,ARGENTINA,Femenino,44,226,225,88718
59259,A,4,230,PARAMETROS,NO,NO,0,PF,ARGENTINA,Masculino,28,221,102,85869
62439,A,4,231,PARAMETROS,NO,NO,0,PF,ARGENTINA,Masculino,24,221,355,10528
58501,A,4,229,ANALISIS,NO,NO,1,PF,ARGENTINA,Masculino,32,130,45,86324
62153,L,3,216,ANALISIS,NO,NO,0,PF,ARGENTINA,Masculino,67,221,211,90291
41607,R,5,216,PARAMETROS,NO,SI,0,PF,ARGENTINA,Femenino,84,234,3903,7994
58629,L,2,231,ANALISIS,NO,NO,0,PF,ARGENTINA,Masculino,65,77,30,86835
59423,R,5,218,PARAMETROS,NO,NO,0,PF,ARGENTINA,Masculino,52,23,132,84282
62667,B,4,246,PARAMETROS,NO,NO,0,PF,ARGENTINA,Masculino,52,0,344,8407
60581,C,4,338,ANALISIS,NO,NO,0,PF,ARGENTINA,Masculino,24,221,196,89832
61660,A,4,216,ANALISIS,NO,NO,1,PF,EXTRANJERO,Masculino,30,221,280,87511
64315,A,4,216,PARAMETROS,NO,NO,0,PF,ARGENTINA,Femenino,30,221,442,90316
60032,G,2,229,ANALISIS,NO,SI,0,PF,ARGENTINA,Masculino,30,221,30,11289
61884,A,4,238,PARAMETROS,NO,NO,0,PF,ARGENTINA,Masculino,39,130,239,86887
60385,R,5,231,ANALISIS,NO,NO,0,PF,ARGENTINA,Femenino,52,130,153,87969
59851,B,4,209,ANALISIS,NO,NO,0,PF,ARGENTINA,Masculino,37,226,114,12153
63296,A,4,216,PARAMETROS,NO,NO,1,PF,ARGENTINA,Femenino,42,130,339,88269
60044,C,8,201,PARAMETROS,NO,NO,0,PF,ARGENTINA,Masculino,42,221,119,90000
61603,R,5,230,PARAMETROS,NO,NO,0,PF,ARGENTINA,Masculino,57,112,218,89265
60202,B,4,218,ANALISIS,NO,NO,0,PF,ARGENTINA,Masculino,34,249,125,87704
59754,A,3,109,ANALISIS,NO,NO,0,PF,ARGENTINA,Masculino,27,130,1,86319
59121,B,4,225,PARAMETROS,NO,NO,0,PF,ARGENTINA,Masculino,37,218,32,83516
62249,A,4,229,PARAMETROS,NO,NO,1,PF,ARGENTINA,Masculino,26,130,254,82708
60379,A,4,209,ANALISIS,NO,NO,0,PF,ARGENTINA,Masculino,30,135,117,90751
59150,R,4,229,PARAMETROS,NO,SI,0,PF,ARGENTINA,Masculino,34,221,25,84257
61613,M,3,229,ANALISIS,NO,NO,0,PF,ARGENTINA,Masculino,30,221,87,84518
63242,A,4,218,PARAMETROS,NO,NO,0,PF,ARGENTINA,Masculino,41,51,312,86498
59701,A,4,201,PARAMETROS,NO,NO,1,PF,ARGENTINA,Masculino,44,221,67,86633
61058,C,4,218,ANALISIS,NO,NO,0,PF,EXTRANJERO,Masculino,32,221,153,86256
62267,A,8,218,PARAMETROS,NO,NO,1,PF,ARGENTINA,Masculino,35,23,224,88493
62509,I,4,230,PARAMETROS,NO,NO,0,PF,ARGENTINA,Masculino,34,221,250,84983
59930,A,4,201,ANALISIS,NO,NO,1,PF,ARGENTINA,Masculino,27,221,69,86104
60455,A,4,230,ANALISIS,NO,NO,0,PF,ARGENTINA,Masculino,31,221,102,84908
59929,A,8,234,ANALISIS,NO,NO,1,PF,ARGENTINA,Masculino,38,221,46,90526
61923,R,5,216,PARAMETROS,NO,NO,1,PF,ARGENTINA,Masculino,21,250,178,90291
61237,L,2,232,ANALISIS,NO,NO,0,PF,ARGENTINA,Masculino,63,221,23,84143
60145,A,4,230,ANALISIS,NO,NO,1,PF,ARGENTINA,Masculino,46,221,53,85868
62653,B,4,216,PARAMETROS,NO,NO,0,PF,ARGENTINA,Masculino,41,221,225,84829
63199,A,4,231,ANALISIS,NO,NO,1,PF,ARGENTINA,Femenino,27,234,246,91501
61494,A,4,230,ANALISIS,NO,NO,1,PF,ARGENTINA,Masculino,46,234,141,84862
63644,A,8,218,PARAMETROS,NO,NO,0,PF,ARGENTINA,Femenino,30,222,283,85598
60831,I,4,231,ANALISIS,NO,NO,0,PF,ARGENTINA,Masculino,36,130,88,87969
60169,C,4,231,ANALISIS,NO,NO,0,PF,ARGENTINA,Masculino,31,130,32,89428
62605,R,4,231,PARAMETROS,NO,NO,0,PF,ARGENTINA,Masculino,26,130,185,91070
63759,R,5,231,ANALISIS,NO,NO,0,PF,ARGENTINA,Masculino,26,130,186,91070
64198,A,4,232,PARAMETROS,NO,NO,1,PF,ARGENTINA,Masculino,42,221,295,83930
62256,R,5,201,ANALISIS,NO,NO,1,PF,EXTRANJERO,Masculino,42,221,140,90073
63977,B,4,230,ANALISIS,NO,NO,0,PF,ARGENTINA,Masculino,57,226,266,84815
61228,I,3,225,ANALISIS,NO,NO,0,PF,ARGENTINA,Femenino,65,223,11,5712663
60175,B,4,218,ANALISIS,NO,NO,0,PF,ARGENTINA,Masculino,41,221,23,89641
61985,L,2,230,PARAMETROS,NO,NO,1,PF,ARGENTINA,Masculino,29,221,87,6647
62816,A,4,231,ANALISIS,NO,NO,0,PF,ARGENTINA,Masculino,34,221,174,89428
62261,A,3,231,ANALISIS,NO,NO,1,PF,ARGENTINA,Masculino,34,130,101,89555
62615,A,4,205,PARAMETROS,NO,NO,0,PF,ARGENTINA,Masculino,30,221,165,86048
60577,R,5,216,PARAMETROS,NO,NO,0,PF,ARGENTINA,Masculino,41,221,12,83840
61291,A,4,205,ANALISIS,NO,NO,0,PF,ARGENTINA,Masculino,23,130,48,83360
61359,C,4,230,ANALISIS,NO,NO,0,PF,ARGENTINA,Masculino,41,221,73,88014
61487,R,5,345,PARAMETROS,NO,NO,0,PF,ARGENTINA,Masculino,52,130,72,1910094
60639,A,4,225,ANALISIS,NO,NO,1,PF,ARGENTINA,Masculino,45,130,11,87586
61582,I,4,225,ANALISIS,NO,NO,0,PF,ARGENTINA,Masculino,39,221,78,91091
61801,A,4,216,PARAMETROS,NO,NO,1,PF,ARGENTINA,Femenino,39,226,97,83457
61046,C,4,220,ANALISIS,NO,NO,0,PF,ARGENTINA,Femenino,47,238,39,84768
63526,C,4,245,CHECKLIST,NO,NO,0,PF,ARGENTINA,Masculino,39,227,201,87802
64056,A,4,246,ANALISIS,NO,NO,0,PF,ARGENTINA,Femenino,48,221,213,8407
62775,A,4,225,ANALISIS,NO,NO,1,PF,ARGENTINA,Masculino,23,130,118,87586
62773,A,4,209,ANALISIS,NO,NO,1,PF,ARGENTINA,Masculino,34,130,126,90825
61997,A,4,216,PARAMETROS,NO,NO,0,PF,ARGENTINA,Femenino,35,226,76,90126
63338,R,4,231,PARAMETROS,NO,NO,0,PF,ARGENTINA,Femenino,39,221,137,86278
62742,A,4,201,PARAMETROS,NO,NO,0,PF,ARGENTINA,Masculino,57,130,109,89707
62105,R,5,231,PARAMETROS,NO,NO,0,PF,ARGENTINA,Masculino,44,130,47,87969
61738,A,9,216,ANALISIS,NO,NO,0,PF,ARGENTINA,Masculino,37,130,12,91179
63980,A,4,229,ANALISIS,NO,NO,1,PF,ARGENTINA,Masculino,27,130,159,84518
62963,R,5,225,ANALISIS,NO,NO,1,PF,ARGENTINA,Masculino,41,221,72,89245
62569,B,4,229,PARAMETROS,NO,NO,0,PF,ARGENTINA,Femenino,41,130,56,11021
62156,A,3,247,CHECKLIST,NO,NO,0,PF,ARGENTINA,Femenino,57,225,1,89843
63091,R,5,216,PARAMETROS,NO,NO,1,PF,ARGENTINA,Masculino,37,130,63,86702
63865,A,4,218,ANALISIS,NO,NO,0,PF,EXTRANJERO,Femenino,48,218,104,91247
62654,B,4,241,PARAMETROS,NO,NO,0,PF,ARGENTINA,Masculino,26,130,11,85204
63225,A,4,216,ANALISIS,NO,NO,1,PF,EXTRANJERO,Masculino,42,226,47,91040
63064,A,5,201,ANALISIS,NO,NO,0,PF,ARGENTINA,Masculino,31,116,26,90605
64409,A,4,216,PARAMETROS,NO,NO,0,PF,ARGENTINA,Masculino,28,222,55,90126
63868,A,4,246,ANALISIS,NO,NO,0,PF,ARGENTINA,Masculino,65,0,19,87068
