ID_Alerta_posible_fraude,Cód. de gravedad del siniestro,Cód._Hecho,Código_Oficina,Tipo de Alerta,Antecedentes de siniestros en otras compañías?,Vehículo con rastreo satelital?,FRAUDE DETECTADO,Tipo de persona,Nacionalidad,Sexo,EDAD APROXIMADA POR NRO DNI,Código de actividad del asegurado
33732,R,5,351,PARAMETROS,NO,NO,1,PF,ARGENTINA,Masculino,59,226
60830,A,3,312,ANALISIS,NO,SI,0,PJ,N/A,N/A,,213
51765,A,3,351,ANALISIS,NO,NO,0,PJ,ARGENTINA,Masculino,59,75
52935,B,3,388,ANALISIS,NO,NO,0,PJ,N/A,N/A,,62
26161,R,5,388,PARAMETROS,NO,SI,0,PF,ARGENTINA,Masculino,62,238
26288,B,3,338,CASI,SI,SI,1,PF,ARGENTINA,Masculino,59,228
32619,R,5,392,PARAMETROS,NO,NO,0,PJ,N/A,N/A,,238
37233,M,3,338,ANALISIS,NO,NO,0,PF,ARGENTINA,Masculino,60,221
58860,A,3,316,CESVI,SI,NO,1,PF,ARGENTINA,Masculino,67,213
47246,R,5,216,ANALISIS,NO,SI,0,PJ,N/A,N/A,,98
31575,R,5,209,PARAMETROS,NO,NO,0,PJ,ARGENTINA,Masculino,76,238
31574,R,5,209,PARAMETROS,NO,SI,0,PJ,ARGENTINA,Masculino,76,238
62046,B,4,216,PARAMETROS,NO,NO,1,PF,ARGENTINA,Masculino,44,130
28177,C,8,338,ANALISIS,NO,SI,0,PF,ARGENTINA,Masculino,65,24
34349,R,5,218,ANALISIS,NO,SI,1,PJ,ARGENTINA,Masculino,64,228
47982,M,2,201,ANALISIS,NO,NO,0,PJ,N/A,N/A,,62
41607,R,5,216,PARAMETROS,NO,SI,0,PF,ARGENTINA,Masculino,84,226
26861,R,5,201,PARAMETROS,NO,SI,0,PJ,N/A,N/A,,114
63215,A,4,218,ANALISIS,NO,NO,1,PF,ARGENTINA,Masculino,73,234
60661,T,8,397,PARAMETROS,NO,NO,0,PJ,N/A,N/A,,23
58499,A,4,230,PARAMETROS,NO,SI,0,PF,ARGENTINA,Masculino,60,228
62360,A,4,230,ANALISIS,NO,NO,0,PJ,N/A,N/A,,60
29531,R,5,230,PARAMETROS,NO,NO,0,PJ,ARGENTINA,Masculino,84,212
59301,L,2,216,ANALISIS,NO,SI,0,PJ,N/A,N/A,,213
64216,R,5,229,PARAMETROS,NO,NO,0,PJ,N/A,N/A,,208
29847,B,8,216,ANALISIS,NO,SI,0,PF,ARGENTINA,Masculino,55,130
47969,R,5,201,ANALISIS,NO,SI,0,PJ,N/A,N/A,,30
41364,R,5,231,ANALISIS,NO,NO,0,PJ,N/A,N/A,,207
61937,T,7,397,PARAMETROS,NO,NO,0,PF,ARGENTINA,Masculino,63,30
29849,A,8,101,ANALISIS,NO,NO,1,PF,ARGENTINA,Masculino,42,130
58193,R,5,238,PARAMETROS,NO,NO,0,PF,ARGENTINA,Masculino,55,228
30875,R,5,216,PARAMETROS,NO,NO,0,PJ,N/A,N/A,,238
33261,B,3,338,ANALISIS,NO,NO,1,PF,ARGENTINA,Masculino,70,2
50667,L,2,230,ANALISIS,NO,NO,0,PF,ARGENTINA,Masculino,67,242
45483,A,3,201,CESVI,SI,NO,1,PJ,ARGENTINA,Masculino,76,46
46816,A,3,201,ANALISIS,NO,SI,1,PJ,ARGENTINA,Masculino,76,46
59078,A,3,232,ANALISIS,NO,NO,1,PJ,N/A,N/A,,14
38408,G,3,220,PARAMETROS,NO,NO,0,PJ,N/A,N/A,,143
44282,G,3,243,ANALISIS,NO,NO,0,PF,ARGENTINA,Masculino,47,221
43767,R,5,232,ANALISIS,NO,NO,1,PF,ARGENTINA,Masculino,67,249
25524,A,3,234,CHECKLIST,NO,NO,1,PJ,N/A,N/A,,208
53248,A,4,225,PARAMETROS,NO,NO,0,PF,ARGENTINA,Femenino,71,130
33722,R,5,230,PARAMETROS,NO,SI,0,PF,ARGENTINA,Masculino,52,130
60734,I,6,225,ANALISIS,NO,NO,0,PF,ARGENTINA,Masculino,42,225
43702,R,5,220,PARAMETROS,NO,SI,0,PJ,N/A,N/A,,238
58660,R,5,220,PARAMETROS,NO,NO,0,PJ,N/A,N/A,,238
30304,R,5,101,CHECKLIST,NO,SI,0,PF,ARGENTINA,Masculino,47,106
48143,G,2,218,ANALISIS,NO,NO,1,PF,ARGENTINA,Masculino,57,41
62967,A,4,218,ANALISIS,NO,NO,0,PF,ARGENTINA,Femenino,48,225
26859,R,5,230,PARAMETROS,NO,SI,0,PF,ARGENTINA,Masculino,62,130
59171,I,3,243,ANALISIS,NO,SI,0,PJ,N/A,N/A,,238
48769,R,5,216,PARAMETROS,NO,SI,0,PJ,ARGENTINA,Masculino,60,46
40433,B,3,216,ANALISIS,NO,SI,0,PJ,ARGENTINA,Masculino,53,93
26917,M,2,209,CESVI,SI,NO,0,PF,ARGENTINA,Femenino,86,19
48712,A,4,243,PARAMETROS,NO,NO,0,PF,ARGENTINA,Femenino,53,221
50723,A,4,232,PARAMETROS,NO,NO,0,PJ,N/A,N/A,,16
51096,A,4,232,PARAMETROS,NO,NO,1,PF,ARGENTINA,Masculino,56,240
25743,A,8,338,ANALISIS,SI,NO,1,PF,ARGENTINA,Femenino,65,221
47676,G,2,230,ANALISIS,NO,SI,0,PF,EXTRANJERO,Masculino,,223
61707,R,5,109,ANALISIS,NO,NO,0,PJ,N/A,N/A,,14
27120,I,3,216,ANALISIS,NO,SI,0,PF,ARGENTINA,Masculino,68,228
28849,A,5,230,ANALISIS,NO,NO,0,PF,ARGENTINA,Masculino,59,218
30294,R,5,216,PARAMETROS,NO,SI,0,PJ,N/A,N/A,,238
29540,L,2,388,ANALISIS,NO,NO,0,PF,ARGENTINA,Masculino,57,234
29541,L,2,388,ANALISIS,NO,NO,0,PF,ARGENTINA,Masculino,57,234
49331,A,3,201,ANALISIS,NO,NO,1,PF,ARGENTINA,Masculino,35,23
30296,R,5,218,PARAMETROS,NO,NO,0,PF,EXTRANJERO,Masculino,,130
28099,A,3,231,CESVI,SI,SI,1,PJ,N/A,N/A,,48
34506,A,8,105,ANALISIS,NO,NO,1,PF,ARGENTINA,Masculino,38,226
41388,G,2,201,ANALISIS,NO,NO,0,PF,ARGENTINA,Masculino,45,130
59954,I,3,243,ANALISIS,NO,NO,0,PF,ARGENTINA,Femenino,70,228
58221,R,5,216,PARAMETROS,NO,SI,0,PJ,ARGENTINA,Masculino,70,238
28616,R,5,216,ANALISIS,NO,NO,0,PF,ARGENTINA,Masculino,38,130
50920,A,8,231,ANALISIS,NO,NO,1,PJ,N/A,N/A,,102
40611,R,5,232,PARAMETROS,NO,SI,0,PF,ARGENTINA,Masculino,41,130
38693,R,5,232,PARAMETROS,NO,NO,0,PJ,N/A,N/A,,30
36395,R,5,388,ANALISIS,NO,SI,0,PJ,ARGENTINA,Masculino,76,238
58613,B,4,230,PARAMETROS,NO,NO,0,PF,ARGENTINA,Masculino,46,221
58662,R,5,218,PARAMETROS,NO,SI,0,PJ,ARGENTINA,Masculino,55,221
58663,R,5,218,PARAMETROS,NO,SI,0,PJ,ARGENTINA,Masculino,55,221
44261,R,5,230,PARAMETROS,NO,SI,0,PF,ARGENTINA,Masculino,38,221
61502,A,4,216,ANALISIS,NO,NO,1,PF,ARGENTINA,Femenino,63,130
61765,C,4,244,PARAMETROS,NO,SI,0,PF,ARGENTINA,Masculino,50,228
52937,A,3,388,ANALISIS,NO,NO,0,PF,ARGENTINA,Masculino,67,100
52936,B,3,388,ANALISIS,NO,NO,0,PF,ARGENTINA,Masculino,67,100
52938,L,2,388,ANALISIS,NO,NO,0,PF,ARGENTINA,Masculino,67,100
28478,L,2,232,ANALISIS,NO,SI,1,PF,ARGENTINA,Masculino,53,130
39095,L,3,209,CESVI,SI,NO,1,PF,ARGENTINA,Masculino,86,223
37526,C,3,205,ANALISIS,NO,SI,0,PF,ARGENTINA,Masculino,63,0
29472,R,5,101,ANALISIS,NO,NO,0,PF,ARGENTINA,Masculino,42,221
50130,A,4,218,PARAMETROS,NO,NO,0,PF,ARGENTINA,Masculino,48,100
51766,B,3,351,ANALISIS,NO,NO,0,PF,ARGENTINA,Masculino,44,58
58963,R,5,216,ANALISIS,NO,SI,1,PF,ARGENTINA,Masculino,60,25
29343,A,3,338,ANALISIS,SI,NO,1,PF,ARGENTINA,Masculino,57,150
58921,A,3,216,ANALISIS,NO,NO,0,PF,EXTRANJERO,Masculino,,228
59518,L,2,205,ANALISIS,NO,NO,0,PF,ARGENTINA,Femenino,45,221
34138,R,5,367,PARAMETROS,NO,SI,0,PJ,N/A,N/A,,238
63430,L,2,225,ANALISIS,NO,NO,1,PJ,ARGENTINA,Femenino,55,238
48693,R,5,345,PARAMETROS,NO,NO,0,PJ,N/A,N/A,,3
48694,R,5,345,PARAMETROS,NO,SI,0,PJ,N/A,N/A,,3
28559,A,3,232,ANALISIS,NO,NO,1,PF,ARGENTINA,Masculino,44,228
59220,A,4,205,ANALISIS,NO,NO,0,PF,ARGENTINA,Masculino,44,46
39791,G,2,216,ANALISIS,NO,SI,0,PF,ARGENTINA,Masculino,47,221
63968,A,4,201,ANALISIS,NO,NO,0,PF,ARGENTINA,Masculino,56,226
30170,A,4,374,ANALISIS,NO,NO,1,PJ,ARGENTINA,Masculino,99,226
26766,R,5,216,ANALISIS,NO,NO,0,PF,ARGENTINA,Masculino,42,221
63558,A,4,229,ANALISIS,NO,NO,0,PF,ARGENTINA,Femenino,53,228
33388,L,2,388,ANALISIS,SI,NO,1,PJ,N/A,N/A,,238
31840,L,2,209,CESVI,SI,NO,0,PF,ARGENTINA,Masculino,70,117
35268,A,3,397,CASI,NO,NO,1,PF,ARGENTINA,Masculino,55,75
40618,R,5,238,PARAMETROS,NO,SI,0,PF,ARGENTINA,Masculino,48,105
41147,G,3,231,PARAMETROS,NO,NO,0,PF,ARGENTINA,Masculino,59,51
30183,R,5,107,PARAMETROS,NO,NO,0,PJ,ARGENTINA,Masculino,65,130
38601,L,2,201,ANALISIS,NO,NO,0,PF,ARGENTINA,Masculino,63,249
58721,R,5,230,ANALISIS,NO,NO,0,PF,ARGENTINA,Femenino,34,225
58223,R,5,216,PARAMETROS,NO,NO,0,PJ,ARGENTINA,Masculino,67,54
36591,G,2,239,ANALISIS,NO,NO,0,PF,ARGENTINA,Masculino,39,221
52551,B,8,378,ANALISIS,NO,NO,0,PF,ARGENTINA,Masculino,55,130
60657,I,4,225,ANALISIS,NO,NO,0,PJ,N/A,N/A,,3
32853,R,5,229,PARAMETROS,NO,NO,0,PF,ARGENTINA,Masculino,42,130
44984,G,2,231,ANALISIS,NO,SI,0,PF,ARGENTINA,Masculino,52,130
31162,R,5,231,PARAMETROS,NO,SI,0,PF,ARGENTINA,Masculino,52,130
53220,C,3,374,ANALISIS,NO,NO,0,PF,EXTRANJERO,Masculino,,228
52548,A,8,378,ANALISIS,NO,NO,0,PF,ARGENTINA,Masculino,44,221
48479,B,4,209,PARAMETROS,NO,NO,1,PF,ARGENTINA,Masculino,65,98
58624,A,4,205,PARAMETROS,NO,NO,1,PF,ARGENTINA,Masculino,65,82
60989,R,5,232,PARAMETROS,NO,SI,0,PF,ARGENTINA,Masculino,45,130
59400,A,4,316,ANALISIS,NO,NO,0,PF,ARGENTINA,Masculino,56,130
39096,G,2,205,ANALISIS,NO,NO,1,PJ,N/A,N/A,,17
52151,A,3,216,ANALISIS,NO,SI,0,PF,ARGENTINA,Femenino,39,221
46662,L,2,231,ANALISIS,NO,NO,0,PF,ARGENTINA,Masculino,47,130
49727,R,8,350,PARAMETROS,NO,SI,0,PJ,N/A,N/A,,30
42346,R,5,239,CASI,NO,NO,0,PF,ARGENTINA,Masculino,59,100
62872,R,5,351,CESVI,SI,NO,0,PF,ARGENTINA,Femenino,63,130
39316,L,2,230,ANALISIS,NO,NO,1,PF,ARGENTINA,Masculino,56,239
64133,A,4,230,PARAMETROS,NO,NO,0,PF,ARGENTINA,Masculino,35,221
30872,R,5,216,PARAMETROS,NO,NO,0,PF,ARGENTINA,Femenino,100,223
58850,I,8,231,PARAMETROS,NO,NO,0,PJ,N/A,N/A,,35
36265,R,5,231,ANALISIS,NO,NO,0,PJ,N/A,N/A,,91
49225,I,6,225,PARAMETROS,NO,NO,0,PF,ARGENTINA,Masculino,67,224
31006,R,5,216,PARAMETROS,NO,SI,0,PJ,N/A,N/A,,62
61056,A,4,216,ANALISIS,NO,SI,0,PF,ARGENTINA,Masculino,74,228
58622,R,5,216,ANALISIS,NO,SI,0,PJ,ARGENTINA,Masculino,,130
38413,R,5,239,PARAMETROS,NO,SI,0,PJ,ARGENTINA,Masculino,45,213
35059,R,5,206,CESVI,SI,NO,0,PF,ARGENTINA,Masculino,37,250
58199,T,3,216,ANALISIS,NO,SI,1,PF,ARGENTINA,Masculino,32,249
25688,R,5,216,ANALISIS,NO,NO,0,PJ,N/A,N/A,,117
40692,R,5,238,PARAMETROS,NO,SI,0,PJ,N/A,N/A,,105
49392,T,7,216,ANALISIS,NO,NO,0,PF,ARGENTINA,Masculino,52,51
35763,G,2,205,ANALISIS,NO,NO,0,PF,ARGENTINA,Masculino,52,130
32920,A,3,230,ANALISIS,NO,NO,1,PF,EXTRANJERO,Masculino,,226
48990,A,3,216,ANALISIS,NO,SI,1,PF,ARGENTINA,Femenino,63,226
47604,R,5,231,PARAMETROS,NO,NO,0,PF,ARGENTINA,Masculino,45,130
62219,A,4,205,PARAMETROS,NO,SI,0,PF,ARGENTINA,Masculino,38,221
52299,A,4,225,PARAMETROS,NO,NO,0,PF,ARGENTINA,Masculino,38,130
37325,G,2,218,PARAMETROS,NO,NO,0,PF,ARGENTINA,Masculino,41,130
47796,G,2,225,ANALISIS,NO,NO,0,PF,ARGENTINA,Masculino,84,221
62422,I,3,231,ANALISIS,NO,NO,0,PJ,N/A,N/A,,5
33256,R,5,231,PARAMETROS,NO,SI,0,PF,ARGENTINA,Masculino,48,238
43126,T,3,201,CESVI,SI,SI,0,PF,ARGENTINA,Masculino,60,226
40381,G,2,209,ANALISIS,NO,NO,0,PF,ARGENTINA,Masculino,47,221
26469,A,3,338,ANALISIS,SI,NO,1,PF,ARGENTINA,Masculino,52,24
29753,L,2,388,CESVI,SI,NO,0,PF,ARGENTINA,Femenino,48,221
34713,R,5,216,PARAMETROS,NO,SI,0,PF,ARGENTINA,Masculino,63,106
41150,L,2,205,ANALISIS,NO,NO,1,PF,ARGENTINA,Masculino,45,221
60505,C,3,209,ANALISIS,NO,NO,1,PJ,ARGENTINA,Masculino,63,238
44086,R,5,232,ANALISIS,NO,SI,0,PF,ARGENTINA,Masculino,47,221
63963,R,5,231,ANALISIS,NO,NO,0,PF,ARGENTINA,Femenino,47,130
59947,A,8,225,ANALISIS,NO,NO,0,PF,ARGENTINA,Masculino,28,221
28159,R,5,234,CHECKLIST,NO,NO,0,PF,ARGENTINA,Masculino,74,130
38215,A,4,216,ANALISIS,NO,SI,0,PF,ARGENTINA,Masculino,41,221
33836,A,4,216,ANALISIS,NO,SI,1,PF,ARGENTINA,Masculino,41,221
61763,I,6,230,PARAMETROS,NO,SI,0,PJ,N/A,N/A,,238
64268,A,4,230,PARAMETROS,NO,NO,0,PF,ARGENTINA,Masculino,42,130
34823,I,3,209,ANALISIS,NO,NO,0,PF,ARGENTINA,Masculino,60,130
34332,G,3,388,ANALISIS,NO,NO,0,PF,ARGENTINA,Masculino,55,221
49256,B,4,230,ANALISIS,NO,NO,0,PF,ARGENTINA,Masculino,45,223
28506,A,3,338,CHECKLIST,NO,NO,1,PF,ARGENTINA,Masculino,32,130
30529,L,2,205,ANALISIS,NO,SI,1,PF,ARGENTINA,Masculino,65,234
45637,R,5,220,CESVI,SI,NO,0,PF,ARGENTINA,Femenino,44,130
34874,R,5,225,PARAMETROS,NO,NO,0,PJ,ARGENTINA,Masculino,57,238
60014,A,4,240,ANALISIS,NO,NO,0,PF,ARGENTINA,Masculino,70,130
26191,I,7,316,ANALISIS,SI,NO,0,PF,ARGENTINA,Femenino,39,130
60478,A,3,218,ANALISIS,NO,NO,1,PF,ARGENTINA,Masculino,52,221
38418,R,5,230,ANALISIS,NO,SI,0,PF,ARGENTINA,Masculino,48,130
52638,A,3,231,ANALISIS,NO,NO,0,PJ,N/A,N/A,,238
52435,R,5,230,PARAMETROS,NO,SI,0,PJ,ARGENTINA,Femenino,45,51
41479,L,2,216,ANALISIS,NO,SI,1,PF,ARGENTINA,Masculino,48,130
36590,R,5,230,PARAMETROS,NO,NO,0,PF,ARGENTINA,Femenino,47,130
43151,R,5,225,ANALISIS,NO,NO,0,PF,ARGENTINA,Masculino,99,247
26843,R,5,225,PARAMETROS,NO,NO,0,PF,ARGENTINA,Masculino,38,130
38602,G,2,218,ANALISIS,NO,SI,0,PF,ARGENTINA,Femenino,52,226
61627,I,5,388,PARAMETROS,NO,NO,0,PJ,N/A,N/A,,213
28961,T,8,216,ANALISIS,NO,SI,0,PF,ARGENTINA,Masculino,57,130
35804,R,5,239,ANALISIS,NO,NO,0,PF,ARGENTINA,Masculino,42,130
27423,R,5,229,PARAMETROS,NO,NO,0,PF,ARGENTINA,Masculino,41,40
64148,R,5,231,PARAMETROS,NO,NO,0,PF,ARGENTINA,Masculino,37,130
61430,A,3,230,ANALISIS,NO,NO,1,PJ,N/A,N/A,,36
43645,C,3,230,ANALISIS,NO,NO,0,PF,ARGENTINA,Masculino,50,241
26862,R,5,218,PARAMETROS,NO,SI,0,PF,ARGENTINA,Masculino,47,226
26990,A,3,386,CESVI,SI,NO,1,PF,ARGENTINA,Masculino,84,234
38649,G,2,209,PARAMETROS,NO,NO,0,PF,ARGENTINA,Masculino,46,221
34390,G,3,239,PARAMETROS,NO,NO,0,PF,ARGENTINA,Masculino,45,130
60845,I,6,397,ANALISIS,NO,NO,0,PF,ARGENTINA,Masculino,60,221
39382,G,2,225,ANALISIS,NO,NO,0,PF,ARGENTINA,Femenino,51,218
33793,R,5,225,CESVI,SI,NO,0,PJ,ARGENTINA,Masculino,38,238
41402,L,2,201,ANALISIS,NO,NO,1,PF,ARGENTINA,Masculino,34,130
32357,R,5,225,PARAMETROS,NO,SI,0,PJ,ARGENTINA,Masculino,53,238
63162,R,5,216,PARAMETROS,NO,NO,0,PJ,ARGENTINA,Masculino,63,2
30909,L,2,231,ANALISIS,NO,NO,0,PF,ARGENTINA,Masculino,52,130
35353,R,5,225,ANALISIS,NO,NO,0,PF,ARGENTINA,Masculino,30,221
58167,A,4,231,PARAMETROS,NO,NO,0,PF,ARGENTINA,Masculino,65,130
44440,L,2,229,ANALISIS,NO,NO,1,PF,ARGENTINA,Femenino,47,221
42128,R,5,240,PARAMETROS,NO,NO,0,PF,ARGENTINA,Masculino,38,221
41702,A,2,216,CESVI,SI,SI,1,PJ,N/A,N/A,,62
53256,A,4,238,ANALISIS,NO,NO,1,PJ,N/A,N/A,,237
36445,G,2,225,ANALISIS,NO,NO,0,PF,ARGENTINA,Masculino,35,221
63238,A,4,246,PARAMETROS,NO,NO,0,PF,ARGENTINA,Masculino,47,0
42680,A,3,232,ANALISIS,NO,SI,1,PF,ARGENTINA,Femenino,47,226
30295,R,5,201,PARAMETROS,NO,SI,0,PF,ARGENTINA,Masculino,39,234
39268,R,5,218,PARAMETROS,NO,NO,0,PF,ARGENTINA,Masculino,45,221
62928,A,4,230,ANALISIS,NO,NO,0,PJ,N/A,N/A,,3
35309,R,5,231,PARAMETROS,NO,NO,0,PF,ARGENTINA,Masculino,76,46
60723,C,4,232,ANALISIS,NO,NO,0,PF,ARGENTINA,Masculino,32,130
25596,R,5,216,ANALISIS,NO,SI,0,PF,ARGENTINA,Masculino,28,130
64583,A,4,240,ANALISIS,NO,NO,0,PF,ARGENTINA,Femenino,31,130
26437,R,5,231,ANALISIS,SI,NO,0,PF,EXTRANJERO,Femenino,,46
38518,G,2,209,CASI,NO,NO,0,PF,ARGENTINA,Masculino,59,130
32863,A,3,233,CESVI,SI,NO,1,PJ,N/A,N/A,,21
41831,L,2,231,ANALISIS,NO,NO,1,PF,ARGENTINA,Masculino,59,23
31405,L,2,101,CHECKLIST,NO,NO,1,PF,ARGENTINA,Masculino,55,130
47657,R,5,231,ANALISIS,NO,NO,0,PF,EXTRANJERO,Masculino,30,221
29340,R,5,106,PARAMETROS,NO,SI,0,PF,ARGENTINA,Masculino,70,238
33257,R,5,216,PARAMETROS,NO,SI,0,PF,ARGENTINA,Femenino,59,226
53097,A,4,232,PARAMETROS,NO,NO,0,PF,ARGENTINA,Masculino,50,130
27219,R,5,230,PARAMETROS,SI,SI,0,PF,ARGENTINA,Masculino,37,106
29998,L,2,225,ANALISIS,NO,SI,1,PF,ARGENTINA,Masculino,73,130
26677,R,5,216,PARAMETROS,NO,SI,0,PJ,ARGENTINA,Masculino,63,212
26541,L,2,209,CONTACTO,NO,NO,0,PF,ARGENTINA,Masculino,86,228
27561,M,3,392,ANALISIS,NO,NO,1,PF,ARGENTINA,Masculino,31,228
47495,I,8,218,ANALISIS,NO,NO,0,PF,ARGENTINA,Masculino,35,15
59522,A,4,230,ANALISIS,NO,NO,1,PF,ARGENTINA,Masculino,57,65
61281,C,4,201,ANALISIS,NO,NO,0,PF,ARGENTINA,Masculino,53,221
37365,R,5,101,PARAMETROS,NO,NO,0,PF,ARGENTINA,Masculino,65,14
39003,T,9,390,PARAMETROS,NO,SI,0,PJ,ARGENTINA,Masculino,57,206
38959,T,4,216,ANALISIS,NO,NO,0,PF,ARGENTINA,Masculino,39,221
28069,R,5,109,PARAMETROS,NO,SI,0,PJ,ARGENTINA,Femenino,85,238
28799,R,5,109,CASI,NO,SI,0,PJ,ARGENTINA,Femenino,85,238
27023,G,2,230,CESVI,SI,NO,0,PF,ARGENTINA,Masculino,34,221
28134,A,3,231,ANALISIS,NO,NO,1,PF,ARGENTINA,Masculino,35,130
27077,R,5,201,PARAMETROS,NO,SI,0,PJ,ARGENTINA,Masculino,43,238
53070,A,4,230,ANALISIS,NO,NO,0,PF,ARGENTINA,Masculino,52,228
47368,A,4,220,PARAMETROS,NO,NO,0,PF,ARGENTINA,Masculino,47,130
45971,R,5,230,ANALISIS,NO,NO,1,PF,ARGENTINA,Masculino,76,2
58207,A,3,234,ANALISIS,NO,NO,1,PF,ARGENTINA,Masculino,70,238
49902,L,2,247,ANALISIS,NO,NO,0,PJ,N/A,N/A,,226
49901,L,2,247,ANALISIS,NO,NO,0,PJ,N/A,N/A,,226
34953,R,5,229,PARAMETROS,NO,SI,0,PJ,N/A,N/A,,148
29820,L,2,302,ANALISIS,NO,NO,0,PF,ARGENTINA,Masculino,62,33
61305,A,8,201,ANALISIS,NO,NO,1,PF,ARGENTINA,Masculino,35,221
29539,G,2,388,ANALISIS,NO,NO,0,PF,ARGENTINA,Masculino,84,240
26280,T,4,216,ANALISIS,NO,SI,0,PF,ARGENTINA,Masculino,57,239
38517,G,2,225,PARAMETROS,NO,NO,1,PF,ARGENTINA,Masculino,31,221
34486,R,5,230,PARAMETROS,NO,NO,0,PF,ARGENTINA,Masculino,65,2
63712,A,4,230,PARAMETROS,NO,NO,1,PF,ARGENTINA,Masculino,50,130
63800,A,3,240,ANALISIS,NO,NO,0,PF,ARGENTINA,Masculino,84,226
46572,A,8,209,ANALISIS,NO,NO,1,PJ,N/A,N/A,,238
31008,R,5,216,PARAMETROS,NO,SI,0,PF,ARGENTINA,Masculino,63,226
40140,R,5,231,PARAMETROS,NO,NO,0,PF,ARGENTINA,Masculino,71,130
50383,A,4,230,PARAMETROS,NO,NO,1,PF,ARGENTINA,Masculino,41,130
47700,A,3,205,ANALISIS,NO,SI,0,PF,ARGENTINA,Masculino,45,25
62772,A,4,242,ANALISIS,NO,NO,1,PF,ARGENTINA,Femenino,48,130
52944,G,2,231,ANALISIS,NO,SI,0,PF,ARGENTINA,Femenino,35,238
61440,R,5,101,PARAMETROS,NO,NO,0,PF,ARGENTINA,Femenino,65,14
30473,T,1,216,PARAMETROS,NO,NO,0,PF,ARGENTINA,Masculino,99,234
45138,A,3,201,ANALISIS,NO,NO,1,PF,ARGENTINA,Masculino,42,226
29127,R,5,220,PARAMETROS,NO,SI,0,PJ,ARGENTINA,Masculino,52,23
59900,I,3,216,ANALISIS,NO,NO,0,PF,ARGENTINA,Masculino,37,14
34873,R,5,216,PARAMETROS,NO,SI,0,PF,ARGENTINA,Masculino,37,14
26316,L,2,205,CESVI,SI,NO,1,PF,ARGENTINA,Masculino,41,221
60909,A,4,216,ANALISIS,NO,NO,1,PF,EXTRANJERO,Masculino,,221
36056,G,2,205,ANALISIS,NO,NO,0,PF,ARGENTINA,Masculino,65,130
59137,A,4,216,ANALISIS,NO,SI,1,PF,ARGENTINA,Masculino,57,130
34269,R,5,201,ANALISIS,NO,NO,0,PF,ARGENTINA,Masculino,53,221
58907,A,4,246,PARAMETROS,NO,NO,0,PF,ARGENTINA,Masculino,59,0
27002,A,4,216,ANALISIS,NO,NO,1,PF,EXTRANJERO,Masculino,,130
38523,L,2,209,CASI,NO,NO,1,PF,ARGENTINA,Masculino,50,130
29522,L,3,225,ANALISIS,NO,NO,1,PF,ARGENTINA,Masculino,32,249
32548,G,2,229,ANALISIS,NO,NO,0,PF,ARGENTINA,Femenino,45,130
45731,R,5,230,ANALISIS,NO,SI,0,PJ,N/A,N/A,,35
30514,A,3,231,ANALISIS,SI,SI,0,PJ,N/A,N/A,,213
27707,G,3,231,ANALISIS,NO,SI,0,PJ,N/A,N/A,,213
29528,L,3,231,ANALISIS,NO,SI,0,PJ,N/A,N/A,,213
26590,R,5,231,CESVI,SI,SI,0,PJ,N/A,N/A,,213
34538,L,2,205,PARAMETROS,NO,SI,1,PJ,ARGENTINA,Masculino,42,228
45059,L,2,209,ANALISIS,NO,NO,1,PF,ARGENTINA,Femenino,67,110
41767,A,3,220,ANALISIS,NO,NO,1,PF,ARGENTINA,Masculino,30,51
27182,R,5,216,ANALISIS,NO,NO,0,PJ,ARGENTINA,Femenino,59,212
27397,L,2,230,ANALISIS,NO,NO,0,PF,ARGENTINA,Masculino,47,25
25411,R,5,201,ANALISIS,NO,NO,0,PJ,N/A,N/A,,3
61984,R,4,216,PARAMETROS,NO,NO,1,PF,ARGENTINA,Masculino,52,130
58205,A,8,239,PARAMETROS,NO,NO,0,PJ,N/A,N/A,,17
42488,L,2,218,ANALISIS,NO,SI,0,PF,ARGENTINA,Masculino,62,249
30184,R,5,230,PARAMETROS,NO,SI,0,PJ,ARGENTINA,Masculino,48,242
39997,G,2,220,ANALISIS,NO,SI,0,PF,ARGENTINA,Masculino,76,221
49313,R,8,239,ANALISIS,NO,NO,0,PF,ARGENTINA,Masculino,74,107
62831,R,5,216,PARAMETROS,NO,NO,1,PF,ARGENTINA,Femenino,32,222
32300,R,4,231,PARAMETROS,NO,NO,0,PJ,ARGENTINA,Femenino,86,238
44228,R,5,231,ANALISIS,NO,SI,0,PJ,ARGENTINA,Femenino,86,238
32299,R,5,231,PARAMETROS,NO,NO,0,PJ,ARGENTINA,Femenino,86,238
34760,R,5,231,CESVI,SI,NO,0,PJ,ARGENTINA,Femenino,86,238
45516,G,2,229,PARAMETROS,NO,NO,0,PF,ARGENTINA,Masculino,65,130
62817,A,4,231,ANALISIS,NO,NO,0,PF,ARGENTINA,Femenino,45,221
46701,R,4,216,CESVI,SI,SI,0,PF,ARGENTINA,Masculino,41,130
52458,R,4,201,PARAMETROS,NO,SI,0,PJ,N/A,N/A,,91
46587,T,5,201,ANALISIS,NO,SI,0,PF,ARGENTINA,Masculino,44,228
43940,A,3,245,ANALISIS,NO,NO,1,PJ,ARGENTINA,Masculino,47,41
46584,A,3,245,CONTACTO,NO,NO,0,PJ,ARGENTINA,Masculino,47,41
41195,A,3,230,ANALISIS,NO,NO,0,PF,ARGENTINA,Masculino,42,130
49042,A,4,205,PARAMETROS,NO,NO,1,PF,ARGENTINA,Masculino,34,91
26381,G,2,205,ANALISIS,SI,NO,0,PF,ARGENTINA,Femenino,42,130
30526,A,4,205,ANALISIS,NO,NO,1,PF,ARGENTINA,Masculino,42,100
58502,B,4,231,PARAMETROS,NO,NO,0,PF,ARGENTINA,Masculino,30,130
26373,A,3,338,ANALISIS,SI,NO,1,PF,ARGENTINA,Masculino,35,226
42087,I,3,230,ANALISIS,NO,NO,0,PF,ARGENTINA,Masculino,56,228
32760,M,2,201,CASI,NO,NO,1,PF,EXTRANJERO,Masculino,,221
32762,M,2,201,CASI,NO,NO,1,PF,EXTRANJERO,Masculino,,221
32910,R,5,230,PARAMETROS,NO,SI,0,PF,ARGENTINA,Masculino,26,130
34519,L,2,218,CESVI,SI,NO,1,PF,EXTRANJERO,Masculino,,221
58666,A,4,201,PARAMETROS,NO,NO,0,PF,ARGENTINA,Masculino,42,110
52628,G,2,388,ANALISIS,NO,NO,0,PF,ARGENTINA,Femenino,59,221
42867,G,2,231,PARAMETROS,NO,SI,0,PJ,N/A,N/A,,99
49317,I,3,230,ANALISIS,NO,SI,0,PF,EXTRANJERO,Masculino,,221
49318,A,3,230,ANALISIS,NO,SI,0,PF,EXTRANJERO,Masculino,,221
37521,R,5,201,PARAMETROS,NO,SI,0,PJ,ARGENTINA,Femenino,84,238
47748,A,4,216,PARAMETROS,NO,NO,0,PF,ARGENTINA,Masculino,32,221
30002,R,5,201,PARAMETROS,NO,SI,0,PF,EXTRANJERO,Masculino,,234
63021,A,4,216,ANALISIS,NO,NO,0,PF,ARGENTINA,Masculino,76,223
27824,L,2,206,ANALISIS,NO,NO,1,PF,ARGENTINA,Femenino,67,234
28847,G,3,205,PARAMETROS,NO,SI,0,PF,ARGENTINA,Masculino,54,221
29791,I,3,205,CASI,NO,NO,0,PF,ARGENTINA,Masculino,38,0
48142,G,2,205,ANALISIS,NO,NO,1,PF,ARGENTINA,Masculino,33,0
35311,R,5,206,ANALISIS,NO,NO,1,PF,ARGENTINA,Femenino,50,221
38435,L,2,209,CASI,NO,NO,0,PF,ARGENTINA,Femenino,44,221
52623,R,5,241,ANALISIS,NO,NO,1,PF,EXTRANJERO,Masculino,,2
33415,L,2,216,CESVI,SI,SI,0,PF,ARGENTINA,Masculino,70,218
30517,M,2,206,CASI,NO,NO,0,PF,ARGENTINA,Masculino,99,214
26134,A,4,225,CESVI,SI,NO,1,PF,ARGENTINA,Masculino,27,222
30545,L,2,205,ANALISIS,NO,NO,0,PF,ARGENTINA,Masculino,44,221
34762,R,5,229,CESVI,SI,SI,0,PJ,N/A,N/A,,61
58943,A,3,205,ANALISIS,NO,NO,1,PF,ARGENTINA,Femenino,50,221
43176,G,2,206,CONTACTO,NO,NO,1,PF,ARGENTINA,Masculino,65,221
37893,R,5,205,PARAMETROS,NO,SI,0,PF,ARGENTINA,Masculino,63,228
29161,R,5,205,CESVI,SI,NO,0,PF,ARGENTINA,Masculino,36,130
62331,R,5,240,ANALISIS,NO,NO,0,PF,ARGENTINA,Masculino,27,130
36258,R,5,241,PARAMETROS,NO,SI,0,PJ,ARGENTINA,Masculino,53,228
34522,L,2,209,ANALISIS,NO,NO,1,PF,ARGENTINA,Femenino,64,221
37363,R,5,229,PARAMETROS,NO,NO,0,PJ,N/A,N/A,,15
39141,R,5,216,PARAMETROS,NO,NO,0,PF,ARGENTINA,Masculino,56,218
47269,I,3,345,ANALISIS,NO,NO,0,PF,ARGENTINA,Femenino,60,221
29241,L,3,205,ANALISIS,NO,NO,0,PF,ARGENTINA,Femenino,31,221
59864,C,4,231,ANALISIS,NO,SI,0,PF,ARGENTINA,Masculino,44,221
27385,R,5,216,ANALISIS,NO,NO,0,PF,ARGENTINA,Masculino,32,238
26432,R,5,230,CASI,NO,SI,0,PF,ARGENTINA,Masculino,39,15
47481,R,5,106,PARAMETROS,NO,SI,0,PJ,N/A,N/A,,99
34467,R,5,201,CESVI,SI,NO,0,PF,ARGENTINA,Masculino,76,210
32800,R,5,230,ANALISIS,NO,NO,0,PF,ARGENTINA,Masculino,37,251
27532,L,2,209,ANALISIS,NO,NO,1,PF,ARGENTINA,Masculino,65,221
52934,T,7,220,ANALISIS,NO,NO,0,PF,ARGENTINA,Masculino,47,221
31669,B,3,343,CESVI,SI,NO,1,PF,ARGENTINA,Masculino,52,249
29601,A,3,338,ANALISIS,SI,NO,1,PF,ARGENTINA,Masculino,65,218
60655,I,4,201,ANALISIS,NO,NO,0,PJ,N/A,N/A,,23
28948,G,3,206,ANALISIS,NO,SI,0,PF,ARGENTINA,Masculino,65,130
27693,A,4,216,ANALISIS,NO,SI,0,PF,ARGENTINA,Masculino,41,130
61330,A,4,225,ANALISIS,NO,NO,1,PF,ARGENTINA,Femenino,45,130
50569,B,4,229,PARAMETROS,NO,SI,0,PF,ARGENTINA,Masculino,35,130
32561,L,2,232,ANALISIS,NO,NO,1,PF,ARGENTINA,Masculino,31,130
27921,R,5,101,ANALISIS,NO,NO,0,PJ,N/A,N/A,,238
25685,R,5,201,CESVI,SI,NO,0,PF,ARGENTINA,Femenino,39,46
27518,A,3,220,ANALISIS,NO,NO,1,PF,ARGENTINA,Femenino,71,130
59320,A,3,109,ANALISIS,NO,NO,1,PF,ARGENTINA,Femenino,55,130
38719,R,5,229,CESVI,SI,NO,0,PF,ARGENTINA,Masculino,55,130
34288,L,2,205,ANALISIS,NO,NO,1,PF,ARGENTINA,Masculino,35,130
50097,A,4,229,PARAMETROS,NO,NO,0,PF,ARGENTINA,Femenino,52,130
49801,I,4,201,PARAMETROS,NO,SI,0,PF,ARGENTINA,Femenino,59,46
50924,B,4,246,PARAMETROS,NO,NO,0,PF,EXTRANJERO,Masculino,,130
25811,R,5,205,PARAMETROS,NO,NO,0,PJ,N/A,N/A,,98
27179,R,5,218,CESVI,SI,NO,0,PF,ARGENTINA,Masculino,50,130
28573,G,2,231,ANALISIS,NO,NO,0,PF,ARGENTINA,Masculino,37,130
30877,R,5,230,PARAMETROS,NO,NO,0,PF,ARGENTINA,Masculino,55,130
38905,L,2,201,CASI,SI,NO,1,PF,ARGENTINA,Femenino,39,130
39490,L,3,201,CASI,SI,NO,1,PF,ARGENTINA,Femenino,39,130
39495,L,2,201,CASI,SI,NO,1,PF,ARGENTINA,Femenino,39,130
59722,R,5,216,PARAMETROS,NO,NO,0,PF,ARGENTINA,Masculino,50,130
28945,G,3,201,PARAMETROS,NO,SI,1,PJ,ARGENTINA,Masculino,47,130
38354,A,3,230,CESVI,SI,NO,1,PF,ARGENTINA,Masculino,41,130
61140,C,4,216,ANALISIS,NO,NO,0,PF,ARGENTINA,Masculino,46,130
25974,R,5,231,PARAMETROS,NO,SI,0,PF,ARGENTINA,Femenino,37,130
33724,R,5,201,PARAMETROS,NO,SI,0,PJ,N/A,N/A,,23
58521,I,4,363,PARAMETROS,NO,NO,0,PF,ARGENTINA,Masculino,38,130
30793,R,5,225,PARAMETROS,NO,NO,0,PF,ARGENTINA,Femenino,41,130
60082,I,3,101,ANALISIS,NO,SI,0,PF,ARGENTINA,Masculino,52,46
58817,A,8,201,ANALISIS,NO,NO,0,PF,ARGENTINA,Femenino,67,225
43696,R,5,201,PARAMETROS,NO,NO,0,PJ,N/A,N/A,,238
43224,R,5,201,CESVI,SI,SI,0,PJ,N/A,N/A,,238
27498,R,5,201,CESVI,SI,NO,0,PJ,N/A,N/A,,238
49919,T,5,220,ANALISIS,NO,NO,0,PF,ARGENTINA,Masculino,37,130
51788,R,5,231,PARAMETROS,NO,SI,0,PJ,ARGENTINA,Masculino,45,218
36710,R,4,220,ANALISIS,NO,NO,1,PF,ARGENTINA,Femenino,49,130
61962,A,4,201,PARAMETROS,NO,NO,0,PJ,N/A,N/A,,48
62263,A,3,231,ANALISIS,NO,NO,0,PF,ARGENTINA,Masculino,70,46
33030,R,5,205,ANALISIS,NO,NO,0,PF,ARGENTINA,Masculino,41,0
48635,R,5,205,PARAMETROS,NO,SI,0,PF,ARGENTINA,Femenino,64,130
59076,A,8,232,PARAMETROS,NO,NO,1,PF,ARGENTINA,Masculino,63,130
27469,L,2,231,ANALISIS,SI,NO,0,PF,ARGENTINA,Femenino,63,130
30546,R,5,225,PARAMETROS,NO,NO,1,PF,ARGENTINA,Masculino,41,130
63474,A,3,392,ANALISIS,NO,NO,0,PJ,N/A,N/A,,246
52744,I,3,230,ANALISIS,NO,NO,0,PJ,ARGENTINA,Masculino,59,82
40901,I,3,205,ANALISIS,NO,SI,0,PF,EXTRANJERO,Masculino,,0
61717,A,4,231,ANALISIS,NO,NO,1,PJ,N/A,N/A,,106
29433,C,3,216,CESVI,SI,SI,0,PJ,N/A,N/A,,241
47888,R,4,216,ANALISIS,NO,NO,0,PF,ARGENTINA,Masculino,67,130
30525,G,3,205,ANALISIS,NO,NO,0,PF,ARGENTINA,Masculino,36,130
32986,G,2,205,ANALISIS,NO,NO,1,PF,ARGENTINA,Masculino,36,130
64055,A,4,205,PARAMETROS,NO,NO,0,PF,ARGENTINA,Masculino,44,130
61390,B,4,205,ANALISIS,NO,NO,0,PF,ARGENTINA,Masculino,41,130
60551,A,4,205,ANALISIS,NO,NO,1,PF,ARGENTINA,Masculino,48,221
34544,G,2,230,ANALISIS,NO,NO,1,PF,ARGENTINA,Masculino,32,226
52501,T,7,225,ANALISIS,NO,SI,0,PF,ARGENTINA,Masculino,59,226
38038,R,5,218,PARAMETROS,NO,NO,0,PJ,ARGENTINA,Masculino,52,238
50706,R,5,232,PARAMETROS,NO,SI,0,PF,ARGENTINA,Femenino,56,130
25528,R,5,216,CESVI,SI,SI,0,PJ,ARGENTINA,Masculino,70,238
34554,G,2,206,ANALISIS,NO,NO,0,PF,ARGENTINA,Masculino,42,221
34708,R,4,201,ANALISIS,NO,SI,0,PF,ARGENTINA,Masculino,34,221
32559,G,2,216,ANALISIS,NO,NO,0,PF,ARGENTINA,Femenino,45,221
33443,L,2,205,PARAMETROS,NO,NO,1,PF,ARGENTINA,Masculino,32,226
27603,R,5,206,CESVI,SI,NO,0,PF,ARGENTINA,Masculino,70,150
39674,A,3,205,ANALISIS,NO,NO,1,PF,ARGENTINA,Femenino,57,226
62747,R,5,388,PARAMETROS,NO,NO,1,PF,ARGENTINA,Femenino,52,107
59896,A,4,205,ANALISIS,NO,NO,0,PF,ARGENTINA,Masculino,28,130
26220,G,5,220,PARAMETROS,NO,NO,1,PF,ARGENTINA,Masculino,52,228
30285,R,5,231,CESVI,SI,NO,0,PF,ARGENTINA,Masculino,30,46
29322,L,2,230,ANALISIS,NO,NO,1,PF,ARGENTINA,Masculino,39,221
34095,L,2,205,PARAMETROS,NO,NO,1,PF,EXTRANJERO,Masculino,,221
39312,T,3,231,ANALISIS,NO,NO,0,PF,ARGENTINA,Masculino,41,226
31972,L,3,218,ANALISIS,NO,NO,1,PF,ARGENTINA,Femenino,32,130
28848,G,3,232,PARAMETROS,NO,SI,0,PF,ARGENTINA,Masculino,63,3
25303,R,5,216,PARAMETROS,NO,SI,0,PF,ARGENTINA,Masculino,41,15
59287,A,4,230,PARAMETROS,NO,NO,1,PF,ARGENTINA,Masculino,34,221
59027,B,4,205,PARAMETROS,NO,NO,0,PF,ARGENTINA,Masculino,41,221
33649,G,2,232,PARAMETROS,NO,NO,0,PF,ARGENTINA,Masculino,99,63
32531,A,4,392,ANALISIS,NO,NO,1,PF,ARGENTINA,Masculino,48,79
48767,G,2,201,PARAMETROS,NO,SI,0,PF,EXTRANJERO,Masculino,,36
46323,R,5,216,ANALISIS,NO,NO,1,PF,ARGENTINA,Femenino,65,218
49177,R,5,216,CESVI,SI,NO,1,PF,ARGENTINA,Femenino,65,218
59800,A,4,218,ANALISIS,NO,SI,0,PF,ARGENTINA,Masculino,41,221
39275,R,5,218,ANALISIS,NO,SI,0,PF,ARGENTINA,Masculino,59,226
47626,A,4,229,PARAMETROS,NO,NO,0,PF,ARGENTINA,Masculino,62,3
59193,T,8,239,ANALISIS,NO,NO,0,PF,ARGENTINA,Masculino,68,221
47382,A,4,225,PARAMETROS,NO,SI,0,PF,ARGENTINA,Masculino,35,221
60343,A,4,238,ANALISIS,NO,NO,0,PF,ARGENTINA,Masculino,42,221
32358,R,5,201,PARAMETROS,NO,NO,0,PF,ARGENTINA,Masculino,38,138
46409,T,3,246,ANALISIS,NO,NO,0,PF,ARGENTINA,Femenino,65,0
26451,R,5,101,CHECKLIST,NO,NO,1,PF,ARGENTINA,Masculino,39,130
25782,R,5,205,ANALISIS,NO,SI,0,PF,EXTRANJERO,Masculino,,130
51501,T,6,230,ANALISIS,NO,NO,0,PF,ARGENTINA,Masculino,50,138
52125,A,4,201,ANALISIS,NO,NO,1,PJ,N/A,N/A,,238
35127,G,2,216,PARAMETROS,NO,NO,0,PF,ARGENTINA,Femenino,65,212
25592,R,5,230,ANALISIS,NO,NO,0,PF,ARGENTINA,Masculino,38,221
62134,R,5,231,PARAMETROS,NO,NO,0,PJ,N/A,N/A,,212
63326,A,4,231,PARAMETROS,NO,NO,0,PJ,N/A,N/A,,212
34537,G,2,225,PARAMETROS,NO,NO,0,PF,ARGENTINA,Masculino,32,130
46750,R,5,105,ANALISIS,NO,NO,1,PJ,N/A,N/A,,238
46752,R,5,105,ANALISIS,NO,NO,1,PJ,N/A,N/A,,238
60987,A,4,205,PARAMETROS,NO,NO,0,PF,ARGENTINA,Masculino,57,213
43783,L,2,245,ANALISIS,NO,NO,0,PF,ARGENTINA,Masculino,53,3
33949,R,5,238,PARAMETROS,NO,SI,0,PJ,N/A,N/A,,238
40697,R,5,216,PARAMETROS,NO,NO,0,PF,ARGENTINA,Masculino,50,237
58643,A,4,230,ANALISIS,NO,NO,0,PF,ARGENTINA,Masculino,31,221
62337,I,4,232,ANALISIS,NO,NO,0,PF,ARGENTINA,Masculino,50,221
28412,I,2,205,ANALISIS,NO,NO,1,PF,ARGENTINA,Femenino,39,221
47764,A,4,205,ANALISIS,NO,NO,0,PF,ARGENTINA,Masculino,34,221
41148,R,5,216,ANALISIS,NO,SI,0,PF,ARGENTINA,Masculino,41,40
36856,R,5,230,CESVI,SI,NO,0,PJ,ARGENTINA,Femenino,50,124
30537,L,2,230,ANALISIS,NO,SI,0,PJ,ARGENTINA,Femenino,50,124
33167,A,8,216,ANALISIS,NO,SI,1,PF,ARGENTINA,Masculino,38,48
51123,B,4,201,PARAMETROS,NO,NO,0,PF,EXTRANJERO,Masculino,,130
63297,B,4,225,PARAMETROS,NO,NO,0,PF,ARGENTINA,Masculino,45,242
34364,T,8,216,ANALISIS,NO,NO,1,PF,ARGENTINA,Masculino,41,149
27393,G,2,388,ANALISIS,NO,NO,0,PF,ARGENTINA,Masculino,53,234
33599,G,2,216,ANALISIS,NO,NO,0,PF,ARGENTINA,Masculino,32,221
32735,A,3,338,ANALISIS,NO,NO,1,PJ,N/A,N/A,,59
27721,R,5,220,PARAMETROS,NO,SI,0,PJ,ARGENTINA,Masculino,48,10
41756,T,9,247,PARAMETROS,NO,NO,0,PF,ARGENTINA,Masculino,,250
50334,A,4,246,PARAMETROS,NO,NO,1,PF,ARGENTINA,Masculino,44,221
33982,R,5,238,CESVI,SI,NO,0,PJ,N/A,N/A,,21
51789,R,5,229,PARAMETROS,NO,SI,0,PJ,N/A,N/A,,98
39764,R,5,229,PARAMETROS,NO,NO,0,PJ,N/A,N/A,,11
26578,R,5,101,ANALISIS,NO,NO,1,PF,ARGENTINA,Masculino,43,110
63006,R,5,216,ANALISIS,NO,NO,1,PF,ARGENTINA,Masculino,67,221
34659,L,2,201,CONTACTO,NO,NO,0,PF,ARGENTINA,Femenino,59,135
44417,R,5,231,PARAMETROS,NO,SI,0,PJ,N/A,N/A,,23
43922,R,4,225,ANALISIS,NO,SI,1,PF,ARGENTINA,Masculino,30,221
58224,T,7,201,ANALISIS,NO,NO,0,PF,ARGENTINA,Masculino,31,130
28345,R,5,225,CESVI,SI,NO,0,PF,ARGENTINA,Masculino,57,4
35596,B,3,232,CESVI,SI,NO,0,PF,ARGENTINA,Femenino,31,228
60730,L,2,246,ANALISIS,NO,NO,1,PF,ARGENTINA,Masculino,34,221
42459,G,2,231,ANALISIS,NO,NO,0,PF,ARGENTINA,Masculino,53,46
26002,R,5,230,PARAMETROS,NO,NO,0,PJ,ARGENTINA,Masculino,47,45
26834,L,2,231,CESVI,SI,NO,1,PF,ARGENTINA,Femenino,56,6
32010,L,2,231,CASI,NO,NO,1,PF,ARGENTINA,Femenino,56,6
32011,L,2,231,CASI,NO,NO,1,PF,ARGENTINA,Femenino,56,6
37889,R,5,229,ANALISIS,NO,SI,0,PF,EXTRANJERO,Femenino,,130
49669,R,5,231,PARAMETROS,NO,SI,0,PF,EXTRANJERO,Masculino,,228
28418,G,3,205,ANALISIS,NO,NO,0,PF,ARGENTINA,Masculino,44,221
28475,G,2,201,ANALISIS,NO,NO,0,PF,ARGENTINA,Masculino,35,130
33421,R,5,231,PARAMETROS,NO,NO,0,PF,ARGENTINA,Masculino,45,130
61322,A,3,225,ANALISIS,NO,NO,1,PJ,N/A,N/A,,217
33422,G,2,201,PARAMETROS,NO,NO,1,PF,ARGENTINA,Masculino,50,14
43267,T,7,225,ANALISIS,NO,NO,1,PF,ARGENTINA,Masculino,26,221
41763,A,4,205,ANALISIS,NO,NO,1,PF,ARGENTINA,Masculino,48,221
34498,L,2,209,ANALISIS,NO,NO,1,PF,ARGENTINA,Masculino,32,130
28209,I,3,109,ANALISIS,SI,NO,1,PF,ARGENTINA,Femenino,41,15
49729,C,4,230,PARAMETROS,NO,SI,0,PF,ARGENTINA,Femenino,39,221
27869,G,2,201,CESVI,SI,NO,0,PF,ARGENTINA,Masculino,39,51
28411,R,5,238,ANALISIS,NO,NO,0,PJ,N/A,N/A,,30
49269,G,3,231,ANALISIS,NO,SI,0,PJ,N/A,N/A,,238
42169,G,2,231,ANALISIS,NO,SI,0,PJ,N/A,N/A,,238
51757,A,4,205,PARAMETROS,NO,NO,0,PF,ARGENTINA,Masculino,45,217
60651,G,1,216,ANALISIS,NO,NO,1,PF,ARGENTINA,Masculino,62,221
48818,G,3,225,PARAMETROS,NO,NO,0,PF,ARGENTINA,Masculino,48,221
35870,A,3,109,ANALISIS,NO,NO,1,PF,ARGENTINA,Masculino,32,130
63896,A,4,218,ANALISIS,NO,NO,0,PF,ARGENTINA,Femenino,42,130
63678,A,3,220,ANALISIS,NO,NO,1,PF,ARGENTINA,Masculino,76,130
34758,L,2,216,PARAMETROS,NO,NO,1,PF,ARGENTINA,Masculino,59,221
29578,L,2,209,CASI,NO,NO,1,PF,ARGENTINA,Femenino,29,130
30515,L,2,205,ANALISIS,NO,NO,0,PF,ARGENTINA,Femenino,37,221
29374,L,2,206,ANALISIS,NO,NO,0,PF,ARGENTINA,Masculino,44,221
59766,L,2,232,ANALISIS,NO,SI,1,PF,ARGENTINA,Masculino,45,251
31573,R,5,231,PARAMETROS,NO,SI,0,PF,ARGENTINA,Masculino,31,130
48056,A,4,216,PARAMETROS,NO,SI,0,PF,ARGENTINA,Masculino,38,130
47682,A,4,229,PARAMETROS,NO,NO,0,PJ,ARGENTINA,Femenino,38,238
32552,R,5,229,ANALISIS,SI,NO,0,PF,ARGENTINA,Masculino,37,51
47641,G,2,218,PARAMETROS,NO,NO,0,PF,ARGENTINA,Masculino,48,221
53217,A,4,240,PARAMETROS,NO,NO,1,PF,ARGENTINA,Masculino,45,135
64290,A,4,205,PARAMETROS,NO,NO,0,PF,ARGENTINA,Masculino,26,130
58632,A,4,205,PARAMETROS,NO,NO,0,PF,ARGENTINA,Masculino,52,91
34096,L,2,201,ANALISIS,NO,NO,0,PF,ARGENTINA,Masculino,39,221
27604,A,5,229,ANALISIS,NO,SI,1,PF,ARGENTINA,Masculino,63,130
47307,A,4,205,PARAMETROS,NO,NO,1,PF,ARGENTINA,Femenino,56,221
40893,R,5,231,ANALISIS,NO,NO,1,PF,ARGENTINA,Masculino,39,221
48141,G,2,231,ANALISIS,NO,NO,1,PF,ARGENTINA,Masculino,63,221
32356,R,5,205,ANALISIS,NO,NO,0,PF,EXTRANJERO,Masculino,,0
48152,G,2,216,ANALISIS,NO,NO,1,PF,ARGENTINA,Masculino,48,23
31007,R,5,201,PARAMETROS,NO,NO,0,PF,ARGENTINA,Masculino,38,238
59363,L,2,205,ANALISIS,NO,NO,0,PF,ARGENTINA,Masculino,47,221
58819,A,4,241,ANALISIS,NO,NO,0,PF,ARGENTINA,Femenino,45,221
35768,R,5,216,PARAMETROS,NO,SI,0,PJ,ARGENTINA,Masculino,47,46
29552,L,2,238,CESVI,SI,NO,1,PF,ARGENTINA,Masculino,63,220
46366,R,5,239,ANALISIS,NO,SI,0,PF,ARGENTINA,Femenino,48,226
58214,L,4,230,PARAMETROS,NO,NO,0,PF,ARGENTINA,Masculino,48,107
58482,A,3,220,ANALISIS,NO,NO,0,PF,ARGENTINA,Femenino,59,130
33795,T,8,231,PARAMETROS,NO,NO,0,PF,ARGENTINA,Femenino,59,221
31577,L,2,206,ANALISIS,NO,NO,0,PJ,N/A,N/A,,35
58231,A,4,101,PARAMETROS,NO,NO,0,PF,ARGENTINA,Masculino,50,106
48919,R,5,225,ANALISIS,NO,NO,0,PF,ARGENTINA,Femenino,35,226
62998,T,7,225,ANALISIS,NO,NO,1,PF,ARGENTINA,Femenino,35,221
47804,A,4,231,ANALISIS,NO,NO,0,PF,ARGENTINA,Masculino,30,130
43787,G,2,216,PARAMETROS,NO,SI,0,PF,ARGENTINA,Masculino,35,221
50131,R,5,238,ANALISIS,NO,NO,0,PF,ARGENTINA,Femenino,55,107
61925,R,5,238,PARAMETROS,NO,SI,0,PJ,N/A,N/A,,23
32554,R,5,232,ANALISIS,NO,SI,0,PF,ARGENTINA,Masculino,48,228
63139,A,3,238,ANALISIS,NO,NO,0,PJ,N/A,N/A,,30
31276,R,5,230,CESVI,SI,SI,1,PF,ARGENTINA,Masculino,48,14
29553,R,5,205,ANALISIS,NO,SI,0,PF,ARGENTINA,Masculino,39,221
52861,A,4,229,PARAMETROS,NO,NO,0,PF,EXTRANJERO,Masculino,,223
52552,A,8,378,ANALISIS,NO,NO,0,PF,ARGENTINA,Femenino,43,221
34712,R,5,232,PARAMETROS,NO,SI,0,PJ,ARGENTINA,Masculino,70,228
41637,I,3,218,PARAMETROS,NO,SI,0,PF,ARGENTINA,Masculino,57,234
46591,C,3,218,ANALISIS,NO,NO,0,PF,ARGENTINA,Masculino,57,234
40142,R,3,232,PARAMETROS,NO,NO,0,PF,ARGENTINA,Femenino,84,107
48421,G,2,232,PARAMETROS,NO,SI,0,PF,ARGENTINA,Masculino,52,226
29796,L,2,206,CESVI,SI,SI,1,PF,ARGENTINA,Masculino,44,221
60232,A,4,231,ANALISIS,NO,NO,1,PF,EXTRANJERO,Masculino,,46
32977,A,3,231,CESVI,SI,SI,1,PF,ARGENTINA,Masculino,64,221
51449,C,4,201,ANALISIS,NO,SI,0,PF,ARGENTINA,Masculino,32,130
30907,L,2,205,ANALISIS,NO,NO,0,PF,ARGENTINA,Femenino,42,221
48150,G,2,201,ANALISIS,NO,NO,0,PJ,ARGENTINA,Masculino,38,238
41151,G,2,209,ANALISIS,NO,NO,0,PF,ARGENTINA,Femenino,37,106
49174,A,4,205,PARAMETROS,NO,NO,0,PF,ARGENTINA,Masculino,62,221
29536,G,2,206,PARAMETROS,NO,SI,0,PF,ARGENTINA,Masculino,62,221
47303,B,4,246,PARAMETROS,NO,NO,0,PF,ARGENTINA,Masculino,30,221
59028,A,8,231,PARAMETROS,NO,SI,1,PF,ARGENTINA,Femenino,38,130
30092,G,2,201,ANALISIS,NO,SI,0,PF,ARGENTINA,Masculino,34,130
61450,R,5,225,PARAMETROS,NO,NO,0,PF,ARGENTINA,Masculino,60,21
59204,R,5,216,ANALISIS,NO,NO,0,PF,ARGENTINA,Masculino,55,107
47931,A,4,231,PARAMETROS,NO,NO,1,PF,ARGENTINA,Femenino,45,221
38600,L,2,230,ANALISIS,NO,NO,0,PF,ARGENTINA,Masculino,84,238
37898,A,3,201,ANALISIS,NO,NO,1,PJ,ARGENTINA,Masculino,34,249
61722,T,3,231,ANALISIS,NO,NO,0,PF,ARGENTINA,Masculino,63,243
63350,A,4,216,PARAMETROS,NO,NO,0,PF,ARGENTINA,Masculino,67,238
36414,R,5,230,PARAMETROS,NO,NO,0,PF,ARGENTINA,Femenino,45,130
50813,B,8,205,ANALISIS,NO,SI,0,PF,ARGENTINA,Masculino,44,221
35767,R,5,238,PARAMETROS,NO,SI,0,PF,ARGENTINA,Masculino,63,213
34487,R,5,101,ANALISIS,NO,NO,0,PF,ARGENTINA,Masculino,50,221
40235,L,2,209,ANALISIS,SI,NO,0,PF,ARGENTINA,Femenino,52,251
33418,L,2,231,ANALISIS,NO,NO,0,PF,ARGENTINA,Masculino,55,130
30040,R,5,216,CESVI,SI,SI,0,PF,ARGENTINA,Masculino,59,130
41315,A,4,240,ANALISIS,NO,NO,1,PF,ARGENTINA,Masculino,37,221
48485,T,4,242,CESVI,SI,NO,0,PF,ARGENTINA,Femenino,30,249
30723,R,5,231,CESVI,SI,SI,0,PJ,N/A,N/A,,241
31927,R,5,231,PARAMETROS,NO,SI,0,PJ,N/A,N/A,,241
58524,A,3,246,ANALISIS,NO,NO,1,PF,ARGENTINA,Femenino,44,0
52121,A,8,246,PARAMETROS,NO,NO,1,PF,ARGENTINA,Masculino,42,221
35499,T,5,216,PARAMETROS,NO,NO,0,PF,EXTRANJERO,Masculino,,256
35715,L,2,201,ANALISIS,NO,NO,0,PJ,N/A,N/A,,208
36711,I,3,231,ANALISIS,NO,NO,0,PJ,ARGENTINA,Masculino,59,232
58715,A,4,201,ANALISIS,NO,NO,0,PF,ARGENTINA,Femenino,35,221
31427,R,5,238,PARAMETROS,NO,NO,0,PF,ARGENTINA,Masculino,56,226
50563,C,4,216,PARAMETROS,NO,NO,0,PF,ARGENTINA,Masculino,31,221
52919,A,8,232,ANALISIS,NO,NO,1,PF,ARGENTINA,Masculino,35,221
59075,A,8,232,ANALISIS,NO,NO,1,PF,ARGENTINA,Masculino,35,221
46151,R,5,216,CHECKLIST,NO,NO,0,PF,ARGENTINA,Masculino,70,130
34536,L,1,201,ANALISIS,NO,NO,0,PJ,N/A,N/A,,91
42851,L,2,209,ANALISIS,NO,NO,1,PF,ARGENTINA,Masculino,31,130
60886,A,4,231,ANALISIS,NO,NO,0,PF,ARGENTINA,Masculino,52,221
58236,A,3,216,ANALISIS,NO,NO,1,PF,ARGENTINA,Masculino,30,221
36302,L,2,231,CESVI,SI,SI,1,PF,ARGENTINA,Masculino,41,221
58373,I,1,225,ANALISIS,NO,NO,1,PF,ARGENTINA,Masculino,35,221
36069,T,7,231,PARAMETROS,NO,SI,0,PJ,N/A,N/A,,238
49631,B,4,216,PARAMETROS,NO,NO,0,PF,ARGENTINA,Femenino,32,221
60089,R,5,109,ANALISIS,NO,NO,0,PF,ARGENTINA,Masculino,67,40
37205,R,5,216,PARAMETROS,NO,NO,0,PF,ARGENTINA,Masculino,31,221
42157,M,2,216,ANALISIS,NO,NO,0,PF,ARGENTINA,Masculino,32,221
49388,A,4,216,PARAMETROS,NO,NO,1,PF,ARGENTINA,Masculino,48,221
43128,L,2,229,ANALISIS,NO,NO,0,PF,ARGENTINA,Masculino,47,130
35232,R,5,231,PARAMETROS,NO,NO,0,PF,ARGENTINA,Masculino,42,221
32542,R,5,233,ANALISIS,NO,NO,1,PJ,ARGENTINA,Femenino,44,238
32541,R,5,233,ANALISIS,SI,NO,1,PJ,ARGENTINA,Femenino,44,238
53076,B,4,238,PARAMETROS,NO,NO,0,PF,ARGENTINA,Masculino,41,221
40892,R,5,220,PARAMETROS,NO,SI,0,PF,ARGENTINA,Masculino,47,130
58225,R,4,230,PARAMETROS,NO,NO,1,PF,ARGENTINA,Femenino,43,61
46896,B,8,101,ANALISIS,NO,SI,1,PF,ARGENTINA,Femenino,37,238
51615,A,3,231,ANALISIS,NO,NO,1,PF,ARGENTINA,Masculino,41,221
31839,R,5,244,PARAMETROS,NO,SI,0,PJ,ARGENTINA,Masculino,50,249
32301,G,2,240,PARAMETROS,NO,NO,1,PF,ARGENTINA,Masculino,53,130
37226,R,5,345,PARAMETROS,NO,NO,0,PF,ARGENTINA,Masculino,54,130
59927,A,4,232,ANALISIS,NO,NO,0,PF,EXTRANJERO,Masculino,,130
62636,L,2,205,ANALISIS,NO,SI,0,PF,ARGENTINA,Masculino,31,221
59265,A,4,205,ANALISIS,NO,NO,0,PF,ARGENTINA,Masculino,50,221
45515,L,2,239,ANALISIS,NO,NO,0,PF,ARGENTINA,Masculino,76,130
63378,R,5,392,ANALISIS,NO,NO,0,PF,ARGENTINA,Femenino,55,35
58958,I,3,209,ANALISIS,NO,NO,0,PF,ARGENTINA,Masculino,38,106
31104,A,3,239,CESVI,SI,NO,1,PF,ARGENTINA,Masculino,48,131
48330,A,3,220,ANALISIS,NO,NO,1,PF,ARGENTINA,Masculino,35,221
58841,A,4,238,PARAMETROS,NO,NO,1,PF,ARGENTINA,Masculino,28,221
43263,A,4,205,PARAMETROS,NO,NO,1,PF,ARGENTINA,Masculino,63,226
39182,G,2,238,ANALISIS,NO,NO,0,PF,ARGENTINA,Masculino,37,130
40533,L,2,218,CESVI,SI,SI,1,PF,ARGENTINA,Masculino,60,130
54221,B,4,229,PARAMETROS,NO,SI,1,PF,ARGENTINA,Masculino,34,221
45143,L,2,231,PARAMETROS,NO,NO,1,PF,ARGENTINA,Masculino,37,130
31456,I,3,216,ANALISIS,NO,NO,0,PF,ARGENTINA,Masculino,63,107
34447,I,3,216,ANALISIS,NO,NO,0,PF,ARGENTINA,Masculino,63,107
33655,I,5,229,PARAMETROS,NO,SI,0,PF,ARGENTINA,Femenino,62,226
31440,R,5,205,CESVI,SI,NO,0,PJ,ARGENTINA,Femenino,99,226
31702,C,3,392,CESVI,SI,NO,1,PF,ARGENTINA,Masculino,35,135
49407,T,7,225,ANALISIS,NO,NO,0,PF,ARGENTINA,Masculino,67,130
50370,A,4,241,PARAMETROS,NO,NO,0,PF,ARGENTINA,Masculino,67,221
42342,A,4,220,CESVI,SI,NO,1,PF,ARGENTINA,Masculino,37,221
46570,G,2,209,ANALISIS,NO,NO,0,PF,ARGENTINA,Femenino,34,221
51781,G,2,246,ANALISIS,NO,NO,0,PF,ARGENTINA,Masculino,28,221
58181,A,4,230,PARAMETROS,NO,SI,0,PF,ARGENTINA,Femenino,45,221
38925,R,5,220,CESVI,SI,NO,1,PF,ARGENTINA,Masculino,38,221
49259,L,3,229,ANALISIS,NO,NO,1,PF,EXTRANJERO,Masculino,,130
41145,L,2,238,ANALISIS,NO,NO,0,PF,ARGENTINA,Masculino,37,221
40604,T,4,225,ANALISIS,NO,NO,0,PF,ARGENTINA,Masculino,41,221
32297,R,5,231,PARAMETROS,NO,SI,0,PJ,ARGENTINA,Masculino,31,226
52913,L,2,232,ANALISIS,NO,NO,1,PF,ARGENTINA,Masculino,47,107
59084,L,2,232,ANALISIS,NO,NO,1,PF,ARGENTINA,Masculino,47,107
52909,A,3,232,ANALISIS,NO,NO,1,PF,ARGENTINA,Masculino,47,107
59086,A,3,232,ANALISIS,NO,NO,1,PF,ARGENTINA,Masculino,47,107
60423,I,8,232,ANALISIS,NO,NO,0,PF,EXTRANJERO,Femenino,,226
58309,G,2,245,PARAMETROS,NO,NO,1,PF,ARGENTINA,Masculino,57,130
44089,R,5,230,ANALISIS,NO,NO,0,PF,ARGENTINA,Masculino,34,221
36259,T,7,216,ANALISIS,NO,NO,0,PF,ARGENTINA,Femenino,37,130
40141,R,5,230,ANALISIS,NO,NO,0,PF,ARGENTINA,Masculino,59,130
49231,A,3,232,ANALISIS,NO,NO,1,PF,ARGENTINA,Masculino,30,221
49232,A,3,232,ANALISIS,NO,NO,1,PF,ARGENTINA,Masculino,30,221
39216,A,4,216,ANALISIS,NO,NO,1,PF,ARGENTINA,Masculino,34,130
39790,A,8,216,ANALISIS,NO,NO,1,PF,ARGENTINA,Masculino,34,130
59262,B,8,238,PARAMETROS,NO,NO,0,PF,ARGENTINA,Femenino,42,221
62333,A,4,231,PARAMETROS,NO,NO,0,PF,ARGENTINA,Masculino,56,221
58210,B,4,216,PARAMETROS,NO,NO,0,PF,ARGENTINA,Masculino,43,54
49403,L,2,238,PARAMETROS,NO,NO,0,PF,ARGENTINA,Masculino,41,221
48791,R,5,201,ANALISIS,NO,NO,0,PF,ARGENTINA,Masculino,52,221
36827,G,2,232,ANALISIS,NO,NO,1,PF,EXTRANJERO,Masculino,,130
50665,A,2,246,ANALISIS,NO,NO,0,PF,ARGENTINA,Masculino,56,0
49824,A,4,238,PARAMETROS,NO,NO,0,PF,ARGENTINA,Masculino,44,221
31009,T,9,216,PARAMETROS,NO,NO,0,PF,ARGENTINA,Masculino,33,221
36379,L,2,238,ANALISIS,NO,NO,0,PF,ARGENTINA,Masculino,45,226
61659,A,4,205,ANALISIS,NO,NO,1,PF,ARGENTINA,Masculino,45,221
59258,B,4,230,PARAMETROS,NO,NO,0,PJ,N/A,N/A,,2
59587,A,4,246,PARAMETROS,NO,NO,1,PF,ARGENTINA,Masculino,38,221
59589,B,4,246,PARAMETROS,NO,NO,0,PF,ARGENTINA,Masculino,44,221
58924,I,4,216,ANALISIS,NO,NO,0,PF,ARGENTINA,Masculino,53,221
58424,A,4,229,PARAMETROS,NO,SI,1,PJ,EXTRANJERO,Femenino,,234
38375,R,5,220,ANALISIS,NO,NO,0,PF,ARGENTINA,Femenino,38,218
59052,R,5,230,ANALISIS,NO,NO,1,PF,ARGENTINA,Masculino,52,221
59202,G,2,231,ANALISIS,NO,SI,0,PF,EXTRANJERO,Masculino,,221
42499,G,2,205,ANALISIS,NO,NO,0,PF,ARGENTINA,Masculino,27,221
60345,A,4,216,ANALISIS,NO,NO,0,PF,ARGENTINA,Masculino,33,221
40532,R,5,246,ANALISIS,NO,NO,0,PF,ARGENTINA,Femenino,30,221
48211,A,4,230,PARAMETROS,NO,NO,0,PF,ARGENTINA,Femenino,67,226
46308,M,2,245,ANALISIS,NO,NO,0,PF,ARGENTINA,Masculino,38,221
37318,L,2,242,CESVI,SI,NO,0,PF,ARGENTINA,Masculino,32,221
47253,A,4,205,ANALISIS,NO,SI,0,PF,ARGENTINA,Masculino,34,221
61176,A,4,205,ANALISIS,NO,SI,0,PF,ARGENTINA,Masculino,34,221
47478,R,5,101,PARAMETROS,NO,NO,0,PF,EXTRANJERO,Masculino,,221
42870,L,2,216,ANALISIS,NO,NO,1,PF,ARGENTINA,Femenino,27,221
60566,A,4,201,ANALISIS,NO,SI,0,PF,ARGENTINA,Masculino,59,228
51657,A,4,230,PARAMETROS,NO,SI,1,PJ,N/A,N/A,,208
61692,A,3,225,ANALISIS,NO,NO,0,PF,ARGENTINA,Masculino,30,107
32932,G,3,209,ANALISIS,NO,NO,0,PF,ARGENTINA,Masculino,24,114
60615,T,8,218,ANALISIS,NO,NO,0,PF,ARGENTINA,Masculino,52,221
63273,A,8,238,ANALISIS,NO,NO,0,PF,ARGENTINA,Masculino,44,221
48534,R,5,238,PARAMETROS,NO,NO,0,PF,ARGENTINA,Masculino,42,221
48874,R,5,238,ANALISIS,NO,NO,0,PF,ARGENTINA,Masculino,59,130
43786,L,2,245,PARAMETROS,NO,NO,1,PF,ARGENTINA,Masculino,35,130
38407,G,2,205,ANALISIS,NO,NO,0,PF,ARGENTINA,Masculino,37,221
52402,A,3,231,ANALISIS,NO,NO,0,PF,ARGENTINA,Femenino,65,221
48540,A,4,218,PARAMETROS,NO,NO,1,PF,ARGENTINA,Masculino,39,221
33210,L,3,388,ANALISIS,NO,NO,0,PF,ARGENTINA,Masculino,31,221
33656,R,5,231,PARAMETROS,NO,SI,0,PJ,ARGENTINA,Masculino,44,48
43495,L,2,209,ANALISIS,NO,NO,0,PF,ARGENTINA,Masculino,26,221
58417,A,4,246,PARAMETROS,NO,NO,1,PF,EXTRANJERO,Masculino,,221
34485,R,5,101,ANALISIS,NO,NO,0,PF,ARGENTINA,Masculino,45,221
48541,C,3,238,ANALISIS,NO,NO,0,PF,ARGENTINA,Masculino,52,221
50062,L,2,218,ANALISIS,NO,NO,1,PF,ARGENTINA,Masculino,39,221
50065,L,2,218,ANALISIS,NO,NO,1,PF,ARGENTINA,Masculino,39,221
50052,B,3,101,ANALISIS,NO,NO,1,PF,ARGENTINA,Masculino,41,106
48418,G,2,230,ANALISIS,NO,NO,0,PF,ARGENTINA,Masculino,24,130
33069,R,5,345,ANALISIS,NO,NO,0,PF,ARGENTINA,Masculino,74,130
41712,R,5,201,CESVI,SI,NO,0,PF,ARGENTINA,Masculino,42,228
37176,L,2,218,ANALISIS,SI,NO,1,PF,ARGENTINA,Masculino,48,221
60211,L,2,209,ANALISIS,NO,SI,0,PJ,N/A,N/A,,30
63761,A,3,209,ANALISIS,NO,NO,1,PJ,N/A,N/A,,30
38598,L,2,229,ANALISIS,NO,NO,0,PF,ARGENTINA,Masculino,40,221
50756,A,4,246,PARAMETROS,NO,NO,1,PF,ARGENTINA,Masculino,39,221
46002,L,2,231,ANALISIS,NO,NO,0,PJ,N/A,N/A,,46
52436,A,8,225,ANALISIS,NO,NO,0,PF,ARGENTINA,Femenino,44,225
34214,R,5,106,PARAMETROS,NO,SI,0,PF,ARGENTINA,Masculino,67,250
35426,R,5,229,ANALISIS,NO,NO,0,PF,ARGENTINA,Masculino,27,223
40382,I,4,216,ANALISIS,NO,NO,0,PF,ARGENTINA,Femenino,39,138
50051,C,3,101,ANALISIS,NO,NO,1,PF,ARGENTINA,Femenino,34,100
51775,G,2,209,CONTACTO,NO,NO,1,PF,ARGENTINA,Masculino,34,130
44145,L,2,230,ANALISIS,NO,NO,1,PF,ARGENTINA,Masculino,34,130
34679,R,5,386,CHECKLIST,NO,NO,1,PF,ARGENTINA,Masculino,28,130
58418,A,4,238,PARAMETROS,NO,NO,1,PF,ARGENTINA,Femenino,57,226
50449,A,4,205,PARAMETROS,NO,NO,1,PF,ARGENTINA,Masculino,45,221
58646,R,5,230,PARAMETROS,NO,NO,0,PF,ARGENTINA,Masculino,38,25
56805,A,4,231,PARAMETROS,NO,NO,0,PF,ARGENTINA,Masculino,38,221
43265,R,5,216,ANALISIS,NO,NO,0,PF,ARGENTINA,Femenino,42,226
58248,A,4,231,PARAMETROS,NO,NO,1,PF,ARGENTINA,Femenino,37,221
39853,G,2,209,ANALISIS,NO,NO,0,PF,ARGENTINA,Masculino,76,226
47681,I,4,230,PARAMETROS,NO,SI,0,PF,ARGENTINA,Masculino,52,226
37574,A,3,209,ANALISIS,NO,NO,1,PF,ARGENTINA,Masculino,57,130
62236,L,2,238,ANALISIS,NO,NO,0,PF,ARGENTINA,Masculino,26,130
40403,G,2,201,ANALISIS,NO,NO,1,PF,ARGENTINA,Masculino,57,107
51773,L,2,209,CONTACTO,NO,NO,0,PF,ARGENTINA,Masculino,44,221
60711,A,4,205,ANALISIS,NO,NO,1,PF,ARGENTINA,Femenino,63,130
47474,C,4,238,PARAMETROS,NO,NO,0,PF,ARGENTINA,Masculino,28,221
58234,A,8,205,ANALISIS,NO,NO,0,PF,ARGENTINA,Masculino,65,130
60315,B,4,241,ANALISIS,NO,NO,0,PF,ARGENTINA,Masculino,38,221
42855,L,2,209,ANALISIS,NO,NO,1,PF,ARGENTINA,Masculino,44,221
37822,I,3,216,ANALISIS,NO,NO,1,PF,ARGENTINA,Masculino,37,221
41423,L,2,246,ANALISIS,SI,NO,1,PF,ARGENTINA,Masculino,32,221
43223,G,3,238,ANALISIS,NO,SI,0,PF,ARGENTINA,Masculino,57,130
42849,G,2,209,ANALISIS,NO,NO,0,PF,ARGENTINA,Masculino,59,221
42760,A,3,216,ANALISIS,NO,NO,0,PF,ARGENTINA,Femenino,41,221
38699,R,5,241,PARAMETROS,NO,SI,0,PF,ARGENTINA,Masculino,36,226
44627,L,2,241,ANALISIS,NO,NO,1,PF,ARGENTINA,Masculino,26,221
60329,A,4,231,ANALISIS,NO,NO,0,PF,ARGENTINA,Masculino,41,221
50907,A,8,229,ANALISIS,NO,NO,0,PF,ARGENTINA,Masculino,47,221
51774,L,2,209,CONTACTO,NO,NO,0,PF,ARGENTINA,Masculino,44,221
61443,A,3,238,ANALISIS,NO,NO,1,PF,ARGENTINA,Masculino,71,234
35733,L,2,206,PARAMETROS,NO,NO,0,PF,ARGENTINA,Masculino,52,220
46410,G,2,231,ANALISIS,NO,NO,0,PF,ARGENTINA,Masculino,34,221
35806,R,5,241,ANALISIS,NO,NO,0,PF,ARGENTINA,Masculino,63,226
37236,L,2,231,PARAMETROS,NO,NO,1,PF,ARGENTINA,Masculino,31,221
48968,A,4,216,PARAMETROS,NO,NO,0,PF,ARGENTINA,Masculino,57,24
44814,G,2,205,ANALISIS,NO,NO,0,PF,ARGENTINA,Masculino,47,130
49408,G,2,238,ANALISIS,NO,NO,0,PF,ARGENTINA,Masculino,56,226
43338,T,7,231,ANALISIS,NO,NO,1,PF,ARGENTINA,Masculino,47,130
48102,R,5,101,ANALISIS,NO,NO,1,PF,EXTRANJERO,Femenino,,223
51600,C,4,231,PARAMETROS,NO,NO,1,PF,ARGENTINA,Masculino,65,130
61320,R,5,392,PARAMETROS,NO,NO,0,PJ,N/A,N/A,,30
61321,R,5,392,PARAMETROS,NO,NO,0,PJ,N/A,N/A,,30
40605,R,5,101,CESVI,SI,NO,1,PF,ARGENTINA,Masculino,41,106
53184,A,4,246,PARAMETROS,NO,NO,0,PF,EXTRANJERO,Masculino,,221
47241,A,3,240,ANALISIS,NO,NO,1,PF,ARGENTINA,Masculino,34,46
60361,G,2,240,ANALISIS,NO,NO,0,PF,ARGENTINA,Masculino,24,130
58741,C,4,225,PARAMETROS,NO,NO,0,PF,ARGENTINA,Masculino,28,221
61236,L,2,216,ANALISIS,NO,NO,0,PF,ARGENTINA,Masculino,57,221
44376,I,3,225,ANALISIS,NO,NO,1,PF,ARGENTINA,Masculino,50,221
47659,R,5,201,PARAMETROS,NO,NO,0,PJ,ARGENTINA,Masculino,44,234
37040,R,5,231,CESVI,SI,NO,0,PJ,N/A,N/A,,30
37120,R,5,231,ANALISIS,NO,SI,0,PJ,N/A,N/A,,30
41605,R,5,231,ANALISIS,NO,SI,0,PJ,N/A,N/A,,30
48437,B,4,201,PARAMETROS,NO,NO,0,PF,ARGENTINA,Femenino,27,221
60206,T,9,231,ANALISIS,NO,NO,1,PF,ARGENTINA,Masculino,46,128
58191,R,5,231,PARAMETROS,NO,NO,0,PJ,N/A,N/A,,46
50479,C,4,201,PARAMETROS,NO,NO,0,PF,ARGENTINA,Femenino,40,0
62007,A,5,238,PARAMETROS,NO,NO,0,PJ,ARGENTINA,Masculino,65,210
59631,A,4,230,PARAMETROS,NO,NO,1,PF,EXTRANJERO,Masculino,,130
43674,L,2,245,ANALISIS,NO,NO,0,PF,ARGENTINA,Femenino,32,130
44766,R,5,238,PARAMETROS,NO,NO,1,PF,ARGENTINA,Masculino,42,221
52381,G,2,388,ANALISIS,NO,NO,0,PF,ARGENTINA,Masculino,38,130
58736,R,5,230,PARAMETROS,NO,SI,0,PF,ARGENTINA,Masculino,44,228
47765,A,4,216,ANALISIS,NO,NO,1,PF,ARGENTINA,Femenino,52,38
37888,L,2,209,PARAMETROS,NO,NO,1,PF,ARGENTINA,Femenino,85,223
38962,L,3,238,ANALISIS,NO,NO,1,PF,ARGENTINA,Masculino,31,221
46830,R,5,238,PARAMETROS,NO,SI,0,PJ,ARGENTINA,Masculino,71,221
40619,R,5,201,ANALISIS,NO,NO,0,PF,ARGENTINA,Masculino,27,221
37799,R,5,218,PARAMETROS,NO,SI,0,PF,ARGENTINA,Masculino,67,213
61581,A,4,109,ANALISIS,NO,NO,1,PF,ARGENTINA,Masculino,38,221
52956,L,2,209,ANALISIS,NO,NO,1,PF,ARGENTINA,Masculino,47,221
41444,R,5,231,ANALISIS,NO,SI,0,PJ,N/A,N/A,,46
59560,G,3,388,CESVI,SI,NO,0,PF,ARGENTINA,Masculino,50,238
62568,A,4,218,PARAMETROS,NO,NO,0,PF,ARGENTINA,Masculino,33,108
36964,R,5,231,PARAMETROS,NO,NO,0,PF,ARGENTINA,Masculino,37,226
43669,L,2,245,ANALISIS,NO,NO,0,PF,ARGENTINA,Masculino,57,221
53119,R,5,201,PARAMETROS,NO,SI,0,PF,ARGENTINA,Masculino,84,228
39854,R,5,231,PARAMETROS,NO,SI,0,PF,ARGENTINA,Masculino,37,138
41163,R,5,231,PARAMETROS,NO,SI,0,PJ,N/A,N/A,,238
41949,R,5,231,PARAMETROS,NO,SI,0,PJ,N/A,N/A,,238
45550,A,3,231,ANALISIS,NO,NO,1,PF,ARGENTINA,Masculino,45,221
49831,I,3,302,ANALISIS,NO,NO,1,PF,ARGENTINA,Masculino,32,130
50695,I,3,231,ANALISIS,NO,NO,0,PF,ARGENTINA,Masculino,44,228
61285,B,3,225,ANALISIS,NO,NO,0,PF,ARGENTINA,Femenino,65,221
61358,C,3,225,ANALISIS,NO,NO,0,PF,ARGENTINA,Femenino,65,221
43202,R,5,230,CESVI,SI,NO,0,PF,ARGENTINA,Masculino,57,130
43343,T,7,231,ANALISIS,NO,NO,1,PF,ARGENTINA,Femenino,42,249
60733,A,3,218,ANALISIS,NO,NO,1,PJ,N/A,N/A,,210
63711,B,4,209,PARAMETROS,NO,NO,0,PF,ARGENTINA,Masculino,37,221
58187,R,5,201,ANALISIS,NO,NO,0,PJ,N/A,N/A,,23
39941,R,5,201,PARAMETROS,NO,NO,0,PJ,N/A,N/A,,23
39777,R,5,201,PARAMETROS,NO,NO,0,PJ,N/A,N/A,,23
37353,R,5,205,PARAMETROS,NO,NO,0,PJ,N/A,N/A,,145
49292,C,3,220,ANALISIS,NO,NO,0,PF,ARGENTINA,Masculino,38,221
59312,R,4,218,PARAMETROS,NO,NO,0,PF,ARGENTINA,Masculino,34,221
59322,R,5,218,PARAMETROS,NO,NO,0,PF,ARGENTINA,Masculino,34,221
61394,I,4,201,ANALISIS,NO,NO,0,PF,ARGENTINA,Femenino,31,130
38695,R,5,241,PARAMETROS,NO,SI,0,PF,ARGENTINA,Masculino,84,248
58816,C,4,230,ANALISIS,NO,NO,0,PF,ARGENTINA,Femenino,70,223
45730,R,5,231,ANALISIS,NO,SI,0,PJ,ARGENTINA,Masculino,52,242
46729,R,5,230,ANALISIS,NO,SI,1,PF,ARGENTINA,Masculino,37,108
37764,R,5,220,PARAMETROS,NO,SI,0,PJ,N/A,N/A,,76
43188,A,8,230,ANALISIS,NO,NO,1,PF,ARGENTINA,Masculino,63,223
46085,A,4,238,ANALISIS,NO,NO,1,PF,ARGENTINA,Femenino,37,221
38187,R,5,231,PARAMETROS,NO,SI,0,PF,ARGENTINA,Femenino,100,223
47642,A,3,218,ANALISIS,NO,NO,1,PJ,EXTRANJERO,N/A,,226
40907,L,2,231,CASI,NO,NO,1,PF,ARGENTINA,Femenino,34,130
40816,C,4,101,ANALISIS,NO,NO,0,PF,ARGENTINA,Masculino,45,221
59319,T,6,231,ANALISIS,NO,NO,0,PF,EXTRANJERO,Masculino,,221
37119,R,5,302,PARAMETROS,NO,NO,0,PF,ARGENTINA,Masculino,34,221
59079,A,3,232,ANALISIS,NO,NO,1,PF,ARGENTINA,Masculino,38,46
48793,A,4,106,PARAMETROS,NO,NO,0,PF,ARGENTINA,Masculino,50,130
47679,A,4,205,PARAMETROS,NO,NO,0,PF,ARGENTINA,Masculino,47,130
60106,L,2,238,ANALISIS,NO,NO,1,PJ,N/A,N/A,,106
40781,I,3,101,ANALISIS,NO,NO,0,PF,ARGENTINA,Masculino,24,221
49064,A,4,225,ANALISIS,NO,NO,0,PF,ARGENTINA,Masculino,35,221
42337,G,2,201,ANALISIS,NO,NO,0,PF,ARGENTINA,Masculino,50,130
63867,B,4,231,ANALISIS,NO,NO,0,PJ,ARGENTINA,Masculino,50,239
37895,R,5,229,PARAMETROS,NO,NO,0,PF,ARGENTINA,Masculino,70,130
61220,A,3,230,ANALISIS,NO,NO,1,PF,EXTRANJERO,Femenino,,130
62370,T,7,220,PARAMETROS,NO,NO,0,PF,ARGENTINA,Masculino,28,221
39315,R,5,201,ANALISIS,NO,NO,0,PF,ARGENTINA,Femenino,32,130
44851,G,2,205,ANALISIS,NO,NO,0,PF,ARGENTINA,Masculino,28,221
38690,R,5,231,PARAMETROS,NO,NO,0,PF,EXTRANJERO,Masculino,,130
38182,R,5,231,PARAMETROS,NO,NO,0,PF,ARGENTINA,Masculino,45,221
61942,A,4,216,PARAMETROS,NO,NO,1,PF,ARGENTINA,Masculino,30,130
60035,T,2,230,ANALISIS,NO,NO,0,PF,EXTRANJERO,Femenino,,221
50725,A,4,201,PARAMETROS,NO,NO,0,PF,ARGENTINA,Masculino,37,221
48445,A,4,238,PARAMETROS,NO,NO,0,PF,ARGENTINA,Masculino,34,221
48446,R,5,101,ANALISIS,NO,NO,0,PF,ARGENTINA,Masculino,42,221
47896,A,8,101,ANALISIS,NO,NO,0,PF,ARGENTINA,Masculino,42,221
39748,R,5,229,PARAMETROS,NO,NO,0,PF,ARGENTINA,Masculino,28,130
38694,R,5,232,PARAMETROS,NO,SI,0,PF,ARGENTINA,Masculino,34,249
52198,L,2,232,ANALISIS,NO,NO,1,PF,ARGENTINA,Masculino,55,46
38845,A,4,238,ANALISIS,NO,NO,1,PF,ARGENTINA,Femenino,24,225
43770,R,5,230,ANALISIS,NO,NO,0,PF,ARGENTINA,Femenino,34,221
39998,A,4,216,ANALISIS,NO,NO,1,PF,ARGENTINA,Femenino,50,130
52116,G,2,218,ANALISIS,NO,NO,0,PF,ARGENTINA,Femenino,42,223
38842,A,4,205,ANALISIS,NO,NO,1,PF,ARGENTINA,Masculino,62,223
59724,A,4,231,PARAMETROS,NO,NO,1,PF,EXTRANJERO,Masculino,,234
60653,T,7,225,ANALISIS,NO,NO,0,PF,ARGENTINA,Masculino,37,221
49915,A,4,239,ANALISIS,NO,NO,0,PF,ARGENTINA,Masculino,35,221
50578,B,4,231,PARAMETROS,NO,NO,0,PF,ARGENTINA,Femenino,37,130
61381,M,2,232,ANALISIS,NO,NO,0,PF,ARGENTINA,Masculino,37,226
43672,L,2,245,ANALISIS,NO,NO,0,PF,ARGENTINA,Masculino,30,221
43508,L,2,216,ANALISIS,NO,NO,0,PF,EXTRANJERO,Femenino,,130
59807,I,4,231,ANALISIS,NO,NO,0,PF,ARGENTINA,Masculino,50,130
51395,A,3,220,ANALISIS,NO,SI,0,PF,ARGENTINA,Masculino,35,238
46607,R,5,231,ANALISIS,NO,SI,0,PJ,N/A,N/A,,238
63643,A,4,216,PARAMETROS,NO,NO,0,PF,ARGENTINA,Masculino,39,221
39765,R,5,201,CHECKLIST,NO,NO,0,PF,ARGENTINA,Masculino,38,130
51764,C,4,205,PARAMETROS,NO,NO,0,PF,ARGENTINA,Femenino,44,221
40960,G,2,338,ANALISIS,NO,NO,0,PF,ARGENTINA,Masculino,32,130
60613,A,8,241,ANALISIS,NO,NO,0,PJ,N/A,N/A,,82
48650,T,9,218,PARAMETROS,NO,SI,0,PF,ARGENTINA,Masculino,49,234
51557,R,4,231,ANALISIS,NO,SI,0,PF,EXTRANJERO,Masculino,,221
60049,L,3,230,ANALISIS,NO,NO,0,PF,ARGENTINA,Masculino,53,221
58709,A,3,225,ANALISIS,NO,NO,1,PF,ARGENTINA,Masculino,42,221
50230,A,4,218,PARAMETROS,NO,NO,0,PF,ARGENTINA,Masculino,38,130
60299,T,3,238,ANALISIS,NO,NO,0,PJ,N/A,N/A,,105
56145,C,6,238,ANALISIS,NO,NO,0,PJ,N/A,N/A,,105
60557,C,4,238,ANALISIS,NO,NO,0,PJ,N/A,N/A,,105
59957,R,8,238,ANALISIS,NO,NO,0,PJ,N/A,N/A,,105
60330,B,4,238,ANALISIS,NO,NO,0,PJ,N/A,N/A,,105
39763,R,5,238,CHECKLIST,NO,NO,0,PF,ARGENTINA,Masculino,39,221
48536,A,4,216,PARAMETROS,NO,SI,1,PF,ARGENTINA,Masculino,37,221
41289,T,6,216,PARAMETROS,NO,NO,0,PF,ARGENTINA,Masculino,41,92
50379,I,8,240,ANALISIS,NO,NO,0,PF,ARGENTINA,Masculino,62,221
42064,R,5,238,PARAMETROS,NO,SI,0,PF,ARGENTINA,Masculino,59,14
49028,A,4,231,PARAMETROS,NO,NO,0,PJ,ARGENTINA,Masculino,48,127
47531,B,4,231,PARAMETROS,NO,NO,0,PF,ARGENTINA,Masculino,34,130
40535,R,4,225,ANALISIS,NO,NO,0,PF,ARGENTINA,Masculino,31,221
39692,C,4,205,CESVI,SI,SI,1,PF,ARGENTINA,Masculino,37,224
49813,R,5,231,ANALISIS,NO,SI,0,PF,ARGENTINA,Masculino,52,228
59139,A,6,205,ANALISIS,NO,NO,0,PF,ARGENTINA,Masculino,28,221
40139,R,5,229,PARAMETROS,NO,NO,0,PF,ARGENTINA,Femenino,47,130
41293,G,2,225,ANALISIS,NO,NO,0,PF,EXTRANJERO,Masculino,,130
43668,L,2,245,ANALISIS,NO,NO,0,PF,ARGENTINA,Femenino,48,130
41363,I,3,205,ANALISIS,NO,NO,0,PF,ARGENTINA,Masculino,62,221
48563,A,4,242,PARAMETROS,NO,NO,0,PF,EXTRANJERO,Femenino,,221
50570,I,4,230,PARAMETROS,NO,SI,0,PJ,ARGENTINA,N/A,,106
47806,A,4,205,ANALISIS,NO,NO,0,PF,ARGENTINA,Masculino,32,221
44612,R,5,230,CESVI,SI,SI,1,PF,ARGENTINA,Masculino,57,228
49569,C,4,231,PARAMETROS,NO,NO,0,PF,EXTRANJERO,Masculino,,130
58220,M,3,231,ANALISIS,NO,SI,1,PJ,N/A,N/A,,48
46963,T,9,101,ANALISIS,NO,NO,0,PF,ARGENTINA,Masculino,41,221
52867,G,2,246,ANALISIS,NO,NO,0,PF,ARGENTINA,Masculino,42,226
51599,C,4,229,PARAMETROS,NO,NO,0,PF,ARGENTINA,Masculino,44,226
58661,R,5,231,PARAMETROS,NO,SI,0,PJ,N/A,N/A,,238
58213,B,4,231,PARAMETROS,NO,NO,0,PF,ARGENTINA,Masculino,28,221
59006,R,5,338,ANALISIS,NO,NO,0,PF,ARGENTINA,Femenino,89,223
53130,A,4,338,ANALISIS,NO,NO,0,PF,ARGENTINA,Femenino,37,218
41499,R,5,232,ANALISIS,NO,SI,0,PF,ARGENTINA,Masculino,48,46
58216,A,3,388,ANALISIS,NO,NO,1,PF,ARGENTINA,Femenino,24,149
52217,A,4,238,PARAMETROS,NO,NO,0,PF,ARGENTINA,Masculino,39,221
49242,A,3,246,ANALISIS,NO,NO,1,PF,EXTRANJERO,Masculino,,130
59083,A,3,246,ANALISIS,NO,NO,1,PF,EXTRANJERO,Masculino,,130
48867,A,4,231,PARAMETROS,NO,NO,0,PF,ARGENTINA,Masculino,45,221
46889,R,5,231,ANALISIS,NO,SI,0,PJ,N/A,N/A,,35
59735,T,7,231,PARAMETROS,NO,SI,0,PJ,N/A,N/A,,35
58903,R,5,101,ANALISIS,NO,NO,0,PF,ARGENTINA,Femenino,50,106
53250,A,4,201,ANALISIS,NO,NO,1,PF,ARGENTINA,Masculino,24,46
51310,A,4,231,PARAMETROS,NO,NO,1,PF,ARGENTINA,Femenino,33,130
46711,R,5,201,CESVI,SI,NO,0,PF,EXTRANJERO,Masculino,,130
45492,A,3,231,ANALISIS,NO,NO,1,PF,ARGENTINA,Masculino,44,221
46406,R,4,220,ANALISIS,NO,NO,1,PF,ARGENTINA,Femenino,47,130
50852,B,4,240,PARAMETROS,NO,NO,1,PF,EXTRANJERO,Masculino,,221
41612,R,5,232,PARAMETROS,NO,NO,0,PF,ARGENTINA,Femenino,34,130
49305,A,4,216,PARAMETROS,NO,NO,1,PF,ARGENTINA,Masculino,30,130
62470,A,4,205,PARAMETROS,NO,NO,1,PF,ARGENTINA,Masculino,32,221
62243,A,4,218,PARAMETROS,NO,NO,0,PF,ARGENTINA,Masculino,37,221
50036,R,5,230,PARAMETROS,NO,SI,0,PF,ARGENTINA,Masculino,42,226
61080,A,4,238,ANALISIS,NO,NO,0,PJ,N/A,N/A,,141
52550,A,8,378,ANALISIS,NO,NO,0,PF,ARGENTINA,Masculino,50,221
58468,B,3,101,ANALISIS,NO,NO,1,PF,ARGENTINA,Masculino,32,106
63065,A,4,238,ANALISIS,NO,NO,0,PF,ARGENTINA,Femenino,41,221
61626,I,4,388,ANALISIS,NO,NO,0,PF,ARGENTINA,Masculino,52,3
47844,B,4,231,PARAMETROS,NO,NO,0,PF,ARGENTINA,Masculino,41,234
53235,A,4,216,ANALISIS,NO,NO,0,PF,ARGENTINA,Femenino,35,221
51782,R,5,101,ANALISIS,NO,NO,0,PF,ARGENTINA,Femenino,53,130
50709,B,3,216,ANALISIS,NO,NO,0,PF,ARGENTINA,Masculino,34,221
42527,G,2,238,CESVI,SI,NO,0,PF,ARGENTINA,Masculino,67,43
64452,A,4,216,PARAMETROS,NO,NO,0,PF,ARGENTINA,Masculino,28,221
63828,R,5,230,PARAMETROS,NO,NO,0,PF,ARGENTINA,Masculino,63,221
46333,R,5,231,ANALISIS,NO,NO,0,PF,ARGENTINA,Femenino,30,46
47409,R,5,218,ANALISIS,NO,SI,0,PF,ARGENTINA,Masculino,23,130
59585,A,4,238,PARAMETROS,NO,NO,1,PF,ARGENTINA,Masculino,42,226
50261,G,2,238,ANALISIS,NO,NO,0,PF,ARGENTINA,Femenino,38,29
51077,R,5,101,ANALISIS,NO,NO,1,PF,ARGENTINA,Masculino,50,54
42875,R,5,220,ANALISIS,NO,NO,0,PF,ARGENTINA,Masculino,26,51
48405,A,4,230,PARAMETROS,NO,NO,1,PF,ARGENTINA,Femenino,86,223
60729,A,4,231,ANALISIS,NO,NO,0,PF,ARGENTINA,Masculino,31,130
47981,L,2,216,ANALISIS,NO,NO,1,PF,ARGENTINA,Masculino,41,221
46551,R,5,216,ANALISIS,NO,NO,0,PF,ARGENTINA,Femenino,44,130
62058,A,3,246,ANALISIS,NO,NO,0,PF,ARGENTINA,Femenino,85,0
61744,C,3,246,CESVI,SI,NO,0,PF,ARGENTINA,Femenino,85,0
46797,R,5,246,ANALISIS,NO,NO,0,PF,ARGENTINA,Masculino,47,15
63272,A,4,246,PARAMETROS,NO,NO,1,PF,ARGENTINA,Masculino,31,221
47278,A,4,231,PARAMETROS,NO,NO,0,PF,ARGENTINA,Masculino,28,221
49320,G,2,232,ANALISIS,NO,NO,1,PF,ARGENTINA,Femenino,37,226
49717,A,3,231,ANALISIS,NO,NO,1,PF,ARGENTINA,Masculino,45,221
43480,C,3,218,CESVI,SI,NO,1,PF,ARGENTINA,Masculino,47,130
43369,R,5,220,ANALISIS,NO,NO,0,PF,ARGENTINA,Masculino,28,234
50811,B,3,388,ANALISIS,NO,NO,0,PF,ARGENTINA,Masculino,39,46
50444,T,9,225,ANALISIS,NO,NO,0,PF,ARGENTINA,Masculino,32,130
61040,A,4,230,PARAMETROS,NO,NO,1,PF,ARGENTINA,Masculino,39,249
59190,C,8,232,PARAMETROS,NO,NO,1,PF,ARGENTINA,Masculino,41,226
60416,A,4,201,ANALISIS,NO,NO,1,PF,ARGENTINA,Masculino,35,130
60502,A,4,231,ANALISIS,NO,NO,1,PF,ARGENTINA,Masculino,42,130
60737,L,2,246,ANALISIS,NO,NO,0,PF,ARGENTINA,Masculino,30,221
52297,A,4,218,PARAMETROS,NO,SI,0,PF,ARGENTINA,Masculino,39,130
50704,R,5,232,PARAMETROS,NO,SI,0,PF,ARGENTINA,Femenino,35,130
46553,R,5,216,PARAMETROS,NO,NO,0,PF,ARGENTINA,Masculino,47,130
51390,G,3,238,ANALISIS,NO,NO,0,PJ,N/A,N/A,,30
47655,R,5,201,PARAMETROS,NO,NO,1,PF,ARGENTINA,Masculino,42,130
61185,I,4,230,ANALISIS,NO,NO,0,PF,ARGENTINA,Masculino,64,130
51368,A,3,232,CONTACTO,NO,NO,1,PF,EXTRANJERO,Masculino,,116
50023,A,4,229,PARAMETROS,NO,SI,0,PF,ARGENTINA,Masculino,57,214
44305,R,5,201,PARAMETROS,NO,NO,0,PF,ARGENTINA,Femenino,30,221
59982,R,5,216,PARAMETROS,NO,NO,1,PF,ARGENTINA,Femenino,24,130
64141,R,5,397,PARAMETROS,NO,NO,0,PF,ARGENTINA,Masculino,42,20
50035,R,5,230,PARAMETROS,NO,NO,0,PJ,ARGENTINA,Masculino,67,23
60822,A,4,229,ANALISIS,NO,SI,0,PF,ARGENTINA,Femenino,35,221
64311,A,4,238,PARAMETROS,NO,NO,0,PF,ARGENTINA,Masculino,37,221
58197,L,2,220,ANALISIS,NO,NO,0,PF,ARGENTINA,Masculino,42,221
51784,R,5,101,ANALISIS,NO,NO,0,PF,ARGENTINA,Masculino,84,226
51783,R,4,101,ANALISIS,NO,NO,0,PF,ARGENTINA,Masculino,84,226
48444,R,4,244,PARAMETROS,NO,NO,0,PF,ARGENTINA,Masculino,57,221
58890,A,3,216,ANALISIS,NO,NO,0,PF,ARGENTINA,Masculino,45,221
47625,G,2,209,ANALISIS,NO,NO,0,PF,ARGENTINA,Masculino,50,130
63991,A,3,231,PARAMETROS,NO,NO,0,PF,ARGENTINA,Masculino,65,221
48129,T,7,216,PARAMETROS,NO,NO,0,PF,ARGENTINA,Femenino,34,221
50592,I,4,231,PARAMETROS,NO,SI,0,PF,ARGENTINA,Masculino,27,249
58456,A,3,216,ANALISIS,NO,NO,1,PF,ARGENTINA,Masculino,84,130
53102,R,5,216,PARAMETROS,NO,NO,0,PF,ARGENTINA,Masculino,23,130
47650,A,3,231,ANALISIS,NO,NO,1,PF,ARGENTINA,Masculino,47,238
60419,I,4,218,ANALISIS,NO,SI,0,PF,ARGENTINA,Masculino,34,226
59178,I,4,216,PARAMETROS,NO,NO,0,PF,ARGENTINA,Masculino,26,221
51503,B,4,201,PARAMETROS,NO,SI,0,PF,ARGENTINA,Masculino,34,249
61570,A,4,245,ANALISIS,NO,NO,1,PF,ARGENTINA,Masculino,30,221
61606,A,4,238,ANALISIS,NO,NO,1,PF,ARGENTINA,Masculino,39,226
60312,B,4,231,ANALISIS,NO,NO,0,PF,ARGENTINA,Masculino,38,226
50265,G,2,216,ANALISIS,NO,NO,0,PF,ARGENTINA,Masculino,31,130
48420,R,5,218,PARAMETROS,NO,NO,0,PF,ARGENTINA,Masculino,48,130
52482,G,2,201,ANALISIS,NO,NO,1,PF,ARGENTINA,Masculino,65,226
61605,R,5,230,PARAMETROS,NO,NO,0,PF,ARGENTINA,Masculino,42,221
48978,B,4,201,PARAMETROS,NO,SI,0,PF,ARGENTINA,Masculino,47,54
47695,T,6,246,ANALISIS,NO,NO,0,PF,ARGENTINA,Masculino,21,70
61607,A,4,231,ANALISIS,NO,NO,0,PF,ARGENTINA,Masculino,38,221
53224,A,4,201,PARAMETROS,NO,NO,1,PF,ARGENTINA,Femenino,25,130
60799,A,4,230,ANALISIS,NO,NO,1,PF,EXTRANJERO,Masculino,,82
51797,C,4,246,PARAMETROS,NO,NO,0,PF,ARGENTINA,Femenino,42,221
49264,G,3,232,ANALISIS,NO,NO,0,PF,ARGENTINA,Femenino,32,221
58399,A,4,231,PARAMETROS,NO,NO,1,PF,EXTRANJERO,Masculino,,130
47889,R,5,101,PARAMETROS,NO,NO,0,PF,ARGENTINA,Femenino,32,221
62992,A,4,216,ANALISIS,NO,NO,0,PF,ARGENTINA,Masculino,32,221
50054,C,4,246,PARAMETROS,NO,NO,0,PF,ARGENTINA,Masculino,42,0
60896,R,5,229,ANALISIS,NO,NO,0,PF,ARGENTINA,Femenino,35,221
52917,G,3,232,ANALISIS,NO,NO,0,PF,ARGENTINA,Masculino,63,46
59090,G,2,232,ANALISIS,NO,NO,0,PF,ARGENTINA,Masculino,63,46
50708,R,5,232,PARAMETROS,NO,SI,0,PF,ARGENTINA,Masculino,47,24
58217,R,5,238,PARAMETROS,NO,NO,0,PF,ARGENTINA,Femenino,37,226
58826,T,3,238,ANALISIS,NO,NO,0,PF,ARGENTINA,Femenino,34,221
51192,A,4,201,PARAMETROS,NO,NO,1,PF,ARGENTINA,Masculino,30,221
62977,R,5,119,ANALISIS,NO,NO,0,PF,ARGENTINA,Masculino,65,226
58873,I,4,231,ANALISIS,NO,NO,0,PF,ARGENTINA,Masculino,48,30
59761,A,8,205,ANALISIS,NO,SI,0,PF,ARGENTINA,Masculino,50,228
59092,C,4,218,ANALISIS,NO,NO,1,PF,ARGENTINA,Masculino,34,221
50979,A,3,232,ANALISIS,NO,NO,1,PF,ARGENTINA,Masculino,24,46
62479,A,3,232,ANALISIS,NO,NO,1,PF,ARGENTINA,Masculino,24,46
59463,R,4,216,PARAMETROS,NO,NO,0,PF,ARGENTINA,Masculino,28,221
63450,B,4,201,ANALISIS,NO,NO,0,PF,ARGENTINA,Masculino,44,221
50445,B,4,218,PARAMETROS,NO,NO,0,PF,ARGENTINA,Masculino,31,130
53075,A,4,218,PARAMETROS,NO,NO,1,PF,ARGENTINA,Masculino,48,106
59142,I,4,230,PARAMETROS,NO,SI,0,PF,ARGENTINA,Masculino,50,226
47906,A,4,231,PARAMETROS,NO,NO,1,PF,ARGENTINA,Masculino,25,46
48306,B,4,231,PARAMETROS,NO,SI,0,PF,ARGENTINA,Masculino,26,130
50712,B,4,230,PARAMETROS,NO,NO,0,PF,ARGENTINA,Masculino,27,221
47320,L,2,232,CESVI,SI,SI,0,PF,ARGENTINA,Masculino,35,221
59135,C,4,230,PARAMETROS,NO,NO,0,PF,ARGENTINA,Masculino,35,221
49260,T,9,245,PARAMETROS,NO,NO,1,PF,ARGENTINA,Masculino,55,246
59091,A,3,232,ANALISIS,NO,SI,1,PF,ARGENTINA,Masculino,50,46
61827,A,4,231,PARAMETROS,NO,NO,1,PF,ARGENTINA,Masculino,52,46
52817,A,3,232,ANALISIS,NO,NO,1,PF,EXTRANJERO,Masculino,,46
59077,A,3,232,ANALISIS,NO,NO,1,PF,EXTRANJERO,Masculino,,46
52202,C,4,216,PARAMETROS,NO,SI,0,PF,ARGENTINA,Masculino,50,242
60042,G,2,231,ANALISIS,NO,NO,0,PF,ARGENTINA,Femenino,38,130
52910,G,2,232,ANALISIS,NO,NO,0,PF,EXTRANJERO,Masculino,,46
58654,A,4,205,PARAMETROS,NO,NO,0,PF,ARGENTINA,Masculino,30,130
58655,A,4,205,PARAMETROS,NO,NO,0,PF,ARGENTINA,Masculino,30,130
58969,A,4,205,PARAMETROS,NO,NO,0,PF,ARGENTINA,Masculino,30,130
50775,L,2,232,ANALISIS,NO,NO,1,PF,ARGENTINA,Femenino,45,46
63778,L,2,232,ANALISIS,NO,NO,1,PF,ARGENTINA,Femenino,45,46
59106,C,4,216,PARAMETROS,NO,NO,0,PF,ARGENTINA,Masculino,34,83
59022,B,4,231,PARAMETROS,NO,NO,0,PF,ARGENTINA,Femenino,31,130
59009,L,2,246,ANALISIS,NO,NO,0,PF,ARGENTINA,Femenino,32,251
51469,R,5,225,ANALISIS,NO,NO,0,PF,ARGENTINA,Femenino,48,130
64312,A,4,231,PARAMETROS,NO,NO,0,PF,ARGENTINA,Femenino,57,130
51393,G,2,231,ANALISIS,NO,NO,1,PF,ARGENTINA,Masculino,55,46
59074,G,2,232,ANALISIS,NO,NO,1,PF,ARGENTINA,Masculino,55,46
50705,R,5,230,PARAMETROS,NO,SI,0,PF,ARGENTINA,Femenino,23,222
61789,A,4,246,PARAMETROS,NO,NO,1,PF,EXTRANJERO,Masculino,,130
49934,C,4,230,PARAMETROS,NO,NO,0,PF,ARGENTINA,Masculino,45,130
59467,A,4,218,PARAMETROS,NO,NO,1,PF,ARGENTINA,Femenino,44,221
59026,A,8,238,PARAMETROS,NO,NO,1,PF,ARGENTINA,Masculino,41,130
48425,C,5,201,ANALISIS,NO,NO,0,PF,ARGENTINA,Masculino,60,223
47904,R,5,229,PARAMETROS,NO,SI,0,PF,ARGENTINA,Masculino,67,130
51610,A,3,218,ANALISIS,NO,NO,1,PF,ARGENTINA,Femenino,44,130
59082,A,3,232,ANALISIS,NO,NO,1,PF,EXTRANJERO,Masculino,,46
49205,B,3,225,PARAMETROS,NO,NO,0,PF,ARGENTINA,Femenino,41,130
49528,T,3,231,PARAMETROS,NO,NO,0,PF,ARGENTINA,Masculino,64,239
52911,L,2,232,ANALISIS,NO,NO,1,PF,ARGENTINA,Masculino,50,54
59073,L,2,232,ANALISIS,NO,NO,1,PF,ARGENTINA,Masculino,50,54
63463,A,4,230,ANALISIS,NO,NO,1,PF,ARGENTINA,Femenino,30,221
62686,R,5,229,PARAMETROS,NO,NO,0,PF,ARGENTINA,Femenino,35,221
51130,C,4,231,PARAMETROS,NO,NO,0,PF,ARGENTINA,Masculino,31,221
59841,A,4,205,PARAMETROS,NO,NO,1,PF,ARGENTINA,Masculino,45,221
60163,B,4,238,ANALISIS,NO,NO,1,PF,ARGENTINA,Masculino,56,234
58209,A,4,230,ANALISIS,NO,NO,0,PF,ARGENTINA,Masculino,32,221
63516,B,4,218,PARAMETROS,NO,NO,0,PF,ARGENTINA,Masculino,52,130
49567,A,4,216,PARAMETROS,NO,NO,1,PF,ARGENTINA,Masculino,32,130
52449,T,3,229,ANALISIS,NO,SI,0,PF,ARGENTINA,Femenino,84,130
51505,B,4,201,PARAMETROS,NO,NO,0,PF,ARGENTINA,Femenino,37,228
52668,A,4,241,ANALISIS,NO,NO,1,PF,EXTRANJERO,Masculino,,130
58194,R,5,238,PARAMETROS,NO,NO,0,PF,ARGENTINA,Femenino,48,226
58439,A,3,229,ANALISIS,NO,NO,1,PF,EXTRANJERO,Masculino,,130
63539,A,4,231,ANALISIS,NO,NO,1,PJ,ARGENTINA,Masculino,44,44
55879,A,4,231,PARAMETROS,NO,NO,1,PF,ARGENTINA,Femenino,65,130
52942,A,8,246,ANALISIS,NO,NO,0,PF,ARGENTINA,Masculino,47,130
63581,A,4,243,ANALISIS,NO,NO,0,PF,ARGENTINA,Masculino,27,215
51758,B,4,231,PARAMETROS,NO,NO,0,PF,ARGENTINA,Masculino,34,221
52134,G,2,232,ANALISIS,NO,NO,0,PF,EXTRANJERO,Masculino,,46
51326,A,4,216,ANALISIS,NO,SI,1,PF,ARGENTINA,Masculino,35,251
61060,A,4,218,ANALISIS,NO,NO,0,PF,ARGENTINA,Masculino,26,130
58153,A,4,201,PARAMETROS,NO,NO,0,PF,ARGENTINA,Masculino,19,130
50466,A,3,247,ANALISIS,NO,NO,1,PF,ARGENTINA,Masculino,45,249
51645,A,3,247,ANALISIS,NO,NO,1,PF,ARGENTINA,Masculino,45,249
50465,A,8,247,ANALISIS,NO,NO,1,PF,ARGENTINA,Masculino,45,249
49309,B,4,220,PARAMETROS,NO,SI,0,PF,ARGENTINA,Masculino,33,221
60179,I,4,230,ANALISIS,NO,NO,0,PF,ARGENTINA,Femenino,37,226
52250,B,3,246,ANALISIS,NO,NO,0,PF,ARGENTINA,Masculino,62,23
50621,L,4,216,PARAMETROS,NO,NO,0,PF,ARGENTINA,Femenino,65,225
52499,A,8,201,ANALISIS,NO,NO,0,PF,ARGENTINA,Masculino,35,130
58289,T,6,231,PARAMETROS,NO,NO,0,PF,ARGENTINA,Masculino,35,130
51471,A,4,218,PARAMETROS,NO,NO,0,PF,ARGENTINA,Femenino,28,130
61379,C,5,229,ANALISIS,NO,SI,0,PF,EXTRANJERO,Masculino,,23
50194,A,4,201,PARAMETROS,NO,NO,0,PF,ARGENTINA,Masculino,32,130
50531,A,4,230,PARAMETROS,NO,NO,0,PF,ARGENTINA,Masculino,55,51
58382,A,4,218,PARAMETROS,NO,NO,0,PF,ARGENTINA,Femenino,47,130
50380,A,4,233,PARAMETROS,NO,NO,1,PF,ARGENTINA,Femenino,44,226
51399,A,4,240,PARAMETROS,NO,NO,1,PF,ARGENTINA,Femenino,38,221
58940,A,3,225,ANALISIS,NO,NO,1,PF,ARGENTINA,Masculino,38,130
62045,A,4,218,PARAMETROS,NO,NO,0,PF,EXTRANJERO,Masculino,,221
53203,A,4,231,ANALISIS,NO,NO,0,PF,ARGENTINA,Masculino,34,130
53085,A,4,231,PARAMETROS,NO,NO,0,PF,ARGENTINA,Masculino,34,130
50267,R,5,231,PARAMETROS,NO,SI,0,PF,ARGENTINA,Femenino,50,221
53120,A,4,238,PARAMETROS,NO,NO,1,PF,ARGENTINA,Masculino,41,130
60732,A,3,231,ANALISIS,NO,NO,1,PJ,N/A,N/A,,46
53072,A,8,201,PARAMETROS,NO,NO,0,PF,EXTRANJERO,Masculino,,130
52958,B,4,231,ANALISIS,NO,NO,0,PF,ARGENTINA,Femenino,38,46
60731,A,3,201,ANALISIS,NO,NO,0,PF,EXTRANJERO,Masculino,,223
62265,L,2,218,ANALISIS,NO,NO,1,PF,ARGENTINA,Masculino,76,223
63675,L,2,218,ANALISIS,NO,NO,1,PF,ARGENTINA,Masculino,76,223
58716,B,4,225,ANALISIS,NO,NO,0,PF,ARGENTINA,Masculino,30,221
50581,A,4,230,PARAMETROS,NO,NO,0,PF,ARGENTINA,Femenino,35,221
52787,C,4,205,PARAMETROS,NO,NO,0,PF,ARGENTINA,Masculino,52,46
58665,B,4,201,PARAMETROS,NO,NO,0,PF,ARGENTINA,Masculino,44,130
52498,L,2,238,ANALISIS,NO,NO,0,PF,ARGENTINA,Masculino,47,221
58182,A,4,231,PARAMETROS,NO,NO,0,PF,ARGENTINA,Masculino,42,46
58584,A,4,238,PARAMETROS,NO,NO,1,PF,ARGENTINA,Masculino,50,221
60021,B,4,225,ANALISIS,NO,NO,0,PF,ARGENTINA,Masculino,60,221
61017,A,4,231,PARAMETROS,NO,NO,1,PF,ARGENTINA,Femenino,63,130
50713,R,5,205,ANALISIS,NO,NO,0,PF,ARGENTINA,Masculino,44,221
61588,A,4,230,ANALISIS,NO,NO,1,PF,ARGENTINA,Masculino,35,221
59089,A,3,232,ANALISIS,NO,NO,1,PF,ARGENTINA,Femenino,37,46
64446,A,4,216,PARAMETROS,NO,NO,0,PF,ARGENTINA,Femenino,35,249
62771,B,4,231,ANALISIS,NO,NO,1,PJ,ARGENTINA,Masculino,50,220
59263,A,4,229,PARAMETROS,NO,NO,1,PF,ARGENTINA,Masculino,30,221
50809,B,4,220,PARAMETROS,NO,NO,0,PF,EXTRANJERO,Masculino,,130
51036,A,8,101,ANALISIS,NO,NO,1,PF,ARGENTINA,Masculino,50,13
59872,A,4,230,PARAMETROS,NO,NO,0,PF,ARGENTINA,Masculino,65,226
53192,B,4,231,ANALISIS,NO,NO,0,PF,ARGENTINA,Masculino,57,226
61764,B,4,246,PARAMETROS,NO,NO,0,PF,ARGENTINA,Masculino,26,221
62929,A,4,229,ANALISIS,NO,NO,1,PF,EXTRANJERO,Masculino,,130
58846,A,3,216,ANALISIS,NO,NO,1,PF,ARGENTINA,Femenino,47,221
60230,I,4,201,ANALISIS,NO,NO,0,PF,ARGENTINA,Masculino,31,130
59081,A,3,232,ANALISIS,NO,NO,1,PF,ARGENTINA,Masculino,32,221
60216,I,4,231,ANALISIS,NO,NO,0,PF,ARGENTINA,Masculino,33,221
51267,A,4,218,ANALISIS,NO,SI,1,PF,ARGENTINA,Masculino,35,130
61964,T,3,216,ANALISIS,NO,SI,1,PF,ARGENTINA,Masculino,47,130
52695,B,4,230,PARAMETROS,NO,NO,0,PF,ARGENTINA,Femenino,42,130
50753,B,4,201,PARAMETROS,NO,SI,0,PF,ARGENTINA,Femenino,26,221
50754,A,4,201,PARAMETROS,NO,SI,0,PF,ARGENTINA,Femenino,26,221
62671,A,4,220,PARAMETROS,NO,NO,0,PF,ARGENTINA,Masculino,47,234
58908,A,3,225,ANALISIS,NO,NO,1,PF,ARGENTINA,Masculino,24,130
60671,A,4,216,ANALISIS,NO,NO,0,PF,ARGENTINA,Masculino,42,241
50714,R,5,201,PARAMETROS,NO,NO,0,PF,ARGENTINA,Femenino,42,221
60498,A,8,201,ANALISIS,NO,NO,1,PF,ARGENTINA,Femenino,65,221
52617,A,4,230,PARAMETROS,NO,NO,1,PF,ARGENTINA,Masculino,36,130
60636,A,4,216,ANALISIS,NO,NO,1,PF,ARGENTINA,Masculino,36,130
51796,A,4,231,PARAMETROS,NO,NO,1,PF,ARGENTINA,Masculino,30,221
52549,A,8,378,ANALISIS,NO,NO,0,PF,ARGENTINA,Masculino,35,221
52870,L,2,232,ANALISIS,NO,NO,1,PF,ARGENTINA,Masculino,30,221
59072,L,2,232,ANALISIS,NO,NO,1,PF,ARGENTINA,Masculino,30,221
60614,C,4,232,ANALISIS,NO,NO,0,PF,ARGENTINA,Femenino,46,221
59584,C,4,238,PARAMETROS,NO,NO,0,PF,ARGENTINA,Masculino,30,221
63325,A,4,201,PARAMETROS,NO,NO,1,PF,ARGENTINA,Masculino,34,221
58753,A,4,230,PARAMETROS,NO,NO,0,PF,ARGENTINA,Masculino,30,221
58520,A,4,218,PARAMETROS,NO,NO,0,PF,ARGENTINA,Masculino,38,135
53183,A,4,238,PARAMETROS,NO,NO,1,PF,ARGENTINA,Masculino,34,23
53022,A,4,230,PARAMETROS,NO,NO,1,PF,ARGENTINA,Femenino,34,249
59666,R,5,246,PARAMETROS,NO,NO,0,PF,ARGENTINA,Masculino,28,221
51330,T,3,225,ANALISIS,NO,NO,0,PF,ARGENTINA,Masculino,30,221
60404,B,4,209,ANALISIS,NO,NO,0,PF,ARGENTINA,Masculino,27,228
52620,B,4,218,ANALISIS,NO,NO,0,PF,ARGENTINA,Masculino,30,221
59418,R,5,304,ANALISIS,NO,SI,1,PJ,N/A,N/A,,215
58183,R,4,229,PARAMETROS,NO,SI,1,PF,ARGENTINA,Masculino,44,130
52477,A,4,231,ANALISIS,NO,NO,0,PF,ARGENTINA,Masculino,35,221
51517,I,6,245,CHECKLIST,NO,NO,0,PF,ARGENTINA,Masculino,62,247
60040,R,5,231,ANALISIS,NO,NO,1,PF,ARGENTINA,Masculino,52,221
58484,C,3,238,ANALISIS,NO,NO,0,PF,ARGENTINA,Masculino,37,226
63961,A,4,231,ANALISIS,NO,NO,1,PF,ARGENTINA,Masculino,37,46
62696,A,4,205,PARAMETROS,NO,NO,0,PF,ARGENTINA,Masculino,28,130
58219,A,4,209,PARAMETROS,NO,NO,0,PF,ARGENTINA,Masculino,49,130
58728,A,4,239,ANALISIS,NO,NO,1,PF,ARGENTINA,Masculino,26,130
60554,T,3,246,ANALISIS,NO,NO,1,PF,ARGENTINA,Masculino,50,221
63231,R,5,246,ANALISIS,NO,NO,0,PF,ARGENTINA,Femenino,37,221
61286,G,2,230,ANALISIS,NO,NO,0,PF,ARGENTINA,Masculino,34,221
53201,A,4,231,PARAMETROS,NO,NO,0,PF,ARGENTINA,Femenino,58,46
62668,A,4,231,PARAMETROS,NO,NO,0,PF,ARGENTINA,Femenino,42,130
52522,A,4,245,PARAMETROS,NO,NO,0,PF,ARGENTINA,Masculino,39,221
62277,A,4,201,PARAMETROS,NO,NO,0,PF,ARGENTINA,Masculino,32,221
60736,C,8,201,ANALISIS,NO,NO,0,PF,ARGENTINA,Femenino,35,130
58729,I,3,231,ANALISIS,NO,NO,1,PF,ARGENTINA,Femenino,50,226
59304,A,3,246,ANALISIS,NO,NO,0,PF,ARGENTINA,Femenino,42,221
59302,A,3,246,ANALISIS,NO,NO,0,PF,ARGENTINA,Femenino,42,221
59303,A,3,246,ANALISIS,NO,NO,0,PF,ARGENTINA,Femenino,42,221
58304,R,5,216,PARAMETROS,NO,SI,0,PF,EXTRANJERO,Masculino,,130
64196,R,5,205,PARAMETROS,NO,NO,0,PF,ARGENTINA,Masculino,45,221
58695,G,2,231,ANALISIS,NO,NO,1,PF,ARGENTINA,Masculino,59,107
58440,A,3,216,ANALISIS,NO,NO,1,PF,ARGENTINA,Masculino,38,221
59366,A,8,216,ANALISIS,NO,NO,1,PF,ARGENTINA,Masculino,38,221
52609,A,3,216,ANALISIS,NO,NO,1,PF,ARGENTINA,Masculino,70,66
61279,A,4,231,ANALISIS,NO,NO,0,PF,ARGENTINA,Masculino,30,130
52278,A,3,245,ANALISIS,NO,NO,1,PF,ARGENTINA,Masculino,37,221
58237,R,5,101,PARAMETROS,NO,NO,0,PF,ARGENTINA,Femenino,53,130
52816,R,5,216,PARAMETROS,NO,SI,0,PJ,EXTRANJERO,Femenino,44,212
58962,B,3,216,ANALISIS,NO,NO,0,PF,ARGENTINA,Masculino,67,221
59385,R,5,231,CESVI,SI,NO,0,PF,ARGENTINA,Femenino,27,130
58381,R,4,231,PARAMETROS,NO,NO,0,PF,ARGENTINA,Femenino,27,130
58208,R,5,225,ANALISIS,NO,NO,0,PF,ARGENTINA,Masculino,35,221
60257,C,4,231,ANALISIS,NO,NO,0,PF,ARGENTINA,Masculino,31,226
64299,A,4,216,PARAMETROS,NO,NO,0,PF,ARGENTINA,Masculino,34,221
53118,R,5,231,PARAMETROS,NO,NO,0,PF,ARGENTINA,Femenino,47,130
62790,L,2,246,ANALISIS,NO,NO,0,PF,ARGENTINA,Masculino,30,0
63148,R,5,231,PARAMETROS,NO,NO,0,PJ,N/A,N/A,,46
58738,A,4,218,PARAMETROS,NO,NO,0,PF,ARGENTINA,Femenino,38,221
59347,A,3,225,ANALISIS,NO,NO,0,PF,ARGENTINA,Femenino,86,130
59348,A,3,225,ANALISIS,NO,NO,0,PF,ARGENTINA,Femenino,86,130
59711,A,4,201,PARAMETROS,NO,NO,0,PF,ARGENTINA,Femenino,56,221
58578,B,4,216,ANALISIS,NO,NO,0,PF,ARGENTINA,Femenino,34,221
61721,A,4,201,ANALISIS,NO,NO,0,PF,ARGENTINA,Masculino,65,138
58915,A,4,201,PARAMETROS,NO,NO,1,PF,ARGENTINA,Femenino,48,225
58385,A,4,229,PARAMETROS,NO,NO,0,PF,ARGENTINA,Masculino,32,221
58652,A,4,231,PARAMETROS,NO,NO,0,PJ,ARGENTINA,Masculino,47,218
59632,A,4,230,PARAMETROS,NO,NO,1,PF,ARGENTINA,Masculino,34,221
58212,R,4,238,ANALISIS,NO,NO,0,PF,ARGENTINA,Masculino,84,138
60399,A,4,231,ANALISIS,NO,NO,1,PF,ARGENTINA,Masculino,38,130
58818,R,5,209,ANALISIS,NO,NO,1,PF,ARGENTINA,Femenino,32,130
59806,A,4,231,ANALISIS,NO,NO,1,PF,ARGENTINA,Femenino,63,221
63427,L,2,241,ANALISIS,NO,NO,1,PF,ARGENTINA,Femenino,32,221
61054,R,5,218,ANALISIS,NO,NO,0,PF,ARGENTINA,Masculino,44,130
60289,A,4,238,ANALISIS,NO,NO,0,PF,ARGENTINA,Femenino,44,226
59259,A,4,230,PARAMETROS,NO,NO,0,PF,ARGENTINA,Masculino,28,221
62439,A,4,231,PARAMETROS,NO,NO,0,PF,ARGENTINA,Masculino,24,221
58501,A,4,229,ANALISIS,NO,NO,1,PF,ARGENTINA,Masculino,32,130
62153,L,3,216,ANALISIS,NO,NO,0,PF,ARGENTINA,Masculino,67,221
41607,R,5,216,PARAMETROS,NO,SI,0,PF,ARGENTINA,Femenino,84,234
58629,L,2,231,ANALISIS,NO,NO,0,PF,ARGENTINA,Masculino,65,77
59423,R,5,218,PARAMETROS,NO,NO,0,PF,ARGENTINA,Masculino,52,23
62667,B,4,246,PARAMETROS,NO,NO,0,PF,ARGENTINA,Masculino,52,0
60581,C,4,338,ANALISIS,NO,NO,0,PF,ARGENTINA,Masculino,24,221
61660,A,4,216,ANALISIS,NO,NO,1,PF,EXTRANJERO,Masculino,,221
64315,A,4,216,PARAMETROS,NO,NO,0,PF,ARGENTINA,Femenino,30,221
60032,G,2,229,ANALISIS,NO,SI,0,PF,ARGENTINA,Masculino,30,221
61884,A,4,238,PARAMETROS,NO,NO,0,PF,ARGENTINA,Masculino,39,130
64228,A,3,231,PARAMETROS,NO,NO,0,PJ,N/A,N/A,,93
60385,R,5,231,ANALISIS,NO,NO,0,PF,ARGENTINA,Femenino,52,130
59851,B,4,209,ANALISIS,NO,NO,0,PF,ARGENTINA,Masculino,37,226
63296,A,4,216,PARAMETROS,NO,NO,1,PF,ARGENTINA,Femenino,42,130
60044,C,8,201,PARAMETROS,NO,NO,0,PF,ARGENTINA,Masculino,42,221
61603,R,5,230,PARAMETROS,NO,NO,0,PF,ARGENTINA,Masculino,57,112
60202,B,4,218,ANALISIS,NO,NO,0,PF,ARGENTINA,Masculino,34,249
59754,A,3,109,ANALISIS,NO,NO,0,PF,ARGENTINA,Masculino,27,130
59121,B,4,225,PARAMETROS,NO,NO,0,PF,ARGENTINA,Masculino,37,218
62249,A,4,229,PARAMETROS,NO,NO,1,PF,ARGENTINA,Masculino,26,130
60379,A,4,209,ANALISIS,NO,NO,0,PF,ARGENTINA,Masculino,30,135
59150,R,4,229,PARAMETROS,NO,SI,0,PF,ARGENTINA,Masculino,34,221
61613,M,3,229,ANALISIS,NO,NO,0,PF,ARGENTINA,Masculino,30,221
63242,A,4,218,PARAMETROS,NO,NO,0,PF,ARGENTINA,Masculino,41,51
59701,A,4,201,PARAMETROS,NO,NO,1,PF,ARGENTINA,Masculino,44,221
61058,C,4,218,ANALISIS,NO,NO,0,PF,EXTRANJERO,Masculino,,221
62267,A,8,218,PARAMETROS,NO,NO,1,PF,ARGENTINA,Masculino,35,23
62509,I,4,230,PARAMETROS,NO,NO,0,PF,ARGENTINA,Masculino,34,221
59930,A,4,201,ANALISIS,NO,NO,1,PF,ARGENTINA,Masculino,27,221
60455,A,4,230,ANALISIS,NO,NO,0,PF,ARGENTINA,Masculino,31,221
59929,A,8,234,ANALISIS,NO,NO,1,PF,ARGENTINA,Masculino,38,221
61923,R,5,216,PARAMETROS,NO,NO,1,PF,ARGENTINA,Masculino,21,250
61237,L,2,232,ANALISIS,NO,NO,0,PF,ARGENTINA,Masculino,63,221
60145,A,4,230,ANALISIS,NO,NO,1,PF,ARGENTINA,Masculino,46,221
62653,B,4,216,PARAMETROS,NO,NO,0,PF,ARGENTINA,Masculino,41,221
63199,A,4,231,ANALISIS,NO,NO,1,PF,ARGENTINA,Femenino,27,234
61494,A,4,230,ANALISIS,NO,NO,1,PF,ARGENTINA,Masculino,46,234
63644,A,8,218,PARAMETROS,NO,NO,0,PF,ARGENTINA,Femenino,30,222
64083,T,7,388,PARAMETROS,NO,SI,0,PJ,ARGENTINA,Femenino,40,238
60831,I,4,231,ANALISIS,NO,NO,0,PF,ARGENTINA,Masculino,36,130
60169,C,4,231,ANALISIS,NO,NO,0,PF,ARGENTINA,Masculino,31,130
62605,R,4,231,PARAMETROS,NO,NO,0,PF,ARGENTINA,Masculino,26,130
63759,R,5,231,ANALISIS,NO,NO,0,PF,ARGENTINA,Masculino,26,130
64198,A,4,232,PARAMETROS,NO,NO,1,PF,ARGENTINA,Masculino,42,221
62256,R,5,201,ANALISIS,NO,NO,1,PF,EXTRANJERO,Masculino,,221
63977,B,4,230,ANALISIS,NO,NO,0,PF,ARGENTINA,Masculino,57,226
61228,I,3,225,ANALISIS,NO,NO,0,PF,ARGENTINA,Femenino,65,223
60175,B,4,218,ANALISIS,NO,NO,0,PF,ARGENTINA,Masculino,41,221
61985,L,2,230,PARAMETROS,NO,NO,1,PF,ARGENTINA,Masculino,29,221
62816,A,4,231,ANALISIS,NO,NO,0,PF,ARGENTINA,Masculino,34,221
62261,A,3,231,ANALISIS,NO,NO,1,PF,ARGENTINA,Masculino,34,130
62133,R,5,231,PARAMETROS,NO,NO,0,PJ,ARGENTINA,Masculino,84,30
62615,A,4,205,PARAMETROS,NO,NO,0,PF,ARGENTINA,Masculino,30,221
60577,R,5,216,PARAMETROS,NO,NO,0,PF,ARGENTINA,Masculino,41,221
61291,A,4,205,ANALISIS,NO,NO,0,PF,ARGENTINA,Masculino,23,130
61359,C,4,230,ANALISIS,NO,NO,0,PF,ARGENTINA,Masculino,41,221
61487,R,5,345,PARAMETROS,NO,NO,0,PF,ARGENTINA,Masculino,52,130
61063,T,3,216,ANALISIS,NO,SI,0,PJ,ARGENTINA,Masculino,44,241
60639,A,4,225,ANALISIS,NO,NO,1,PF,ARGENTINA,Masculino,45,130
61582,I,4,225,ANALISIS,NO,NO,0,PF,ARGENTINA,Masculino,39,221
61801,A,4,216,PARAMETROS,NO,NO,1,PF,ARGENTINA,Femenino,39,226
61046,C,4,220,ANALISIS,NO,NO,0,PF,ARGENTINA,Femenino,47,238
63526,C,4,245,CHECKLIST,NO,NO,0,PF,ARGENTINA,Masculino,39,227
64056,A,4,246,ANALISIS,NO,NO,0,PF,ARGENTINA,Femenino,48,221
62775,A,4,225,ANALISIS,NO,NO,1,PF,ARGENTINA,Masculino,23,130
62773,A,4,209,ANALISIS,NO,NO,1,PF,ARGENTINA,Masculino,34,130
61997,A,4,216,PARAMETROS,NO,NO,0,PF,ARGENTINA,Femenino,35,226
63338,R,4,231,PARAMETROS,NO,NO,0,PF,ARGENTINA,Femenino,39,221
62742,A,4,201,PARAMETROS,NO,NO,0,PF,ARGENTINA,Masculino,57,130
61456,R,5,231,PARAMETROS,NO,NO,0,PJ,N/A,N/A,,23
64316,A,4,238,PARAMETROS,NO,NO,0,PJ,N/A,N/A,,250
62057,A,4,238,PARAMETROS,NO,NO,0,PJ,N/A,N/A,,250
64227,A,4,238,PARAMETROS,NO,NO,1,PJ,N/A,N/A,,250
63240,A,4,238,PARAMETROS,NO,NO,0,PJ,N/A,N/A,,250
62105,R,5,231,PARAMETROS,NO,NO,0,PF,ARGENTINA,Masculino,44,130
61738,A,9,216,ANALISIS,NO,NO,0,PF,ARGENTINA,Masculino,37,130
63980,A,4,229,ANALISIS,NO,NO,1,PF,ARGENTINA,Masculino,27,130
62963,R,5,225,ANALISIS,NO,NO,1,PF,ARGENTINA,Masculino,41,221
62569,B,4,229,PARAMETROS,NO,NO,0,PF,ARGENTINA,Femenino,41,130
62156,A,3,247,CHECKLIST,NO,NO,0,PF,ARGENTINA,Femenino,57,225
63091,R,5,216,PARAMETROS,NO,NO,1,PF,ARGENTINA,Masculino,37,130
63865,A,4,218,ANALISIS,NO,NO,0,PF,EXTRANJERO,Femenino,,218
62654,B,4,241,PARAMETROS,NO,NO,0,PF,ARGENTINA,Masculino,26,130
63225,A,4,216,ANALISIS,NO,NO,1,PF,EXTRANJERO,Masculino,,226
63064,A,5,201,ANALISIS,NO,NO,0,PF,ARGENTINA,Masculino,31,116
64409,A,4,216,PARAMETROS,NO,NO,0,PF,ARGENTINA,Masculino,28,222
63868,A,4,246,ANALISIS,NO,NO,0,PF,ARGENTINA,Masculino,65,0
